CREATE DATABASE  IF NOT EXISTS `asssdb` /*!40100 DEFAULT CHARACTER SET utf8mb4 COLLATE utf8mb4_unicode_ci */ /*!80016 DEFAULT ENCRYPTION='N' */;
USE `asssdb`;
-- MySQL dump 10.13  Distrib 8.0.31, for Win64 (x86_64)
--
-- Host: localhost    Database: asssdb
-- ------------------------------------------------------
-- Server version	8.0.31

/*!40101 SET @OLD_CHARACTER_SET_CLIENT=@@CHARACTER_SET_CLIENT */;
/*!40101 SET @OLD_CHARACTER_SET_RESULTS=@@CHARACTER_SET_RESULTS */;
/*!40101 SET @OLD_COLLATION_CONNECTION=@@COLLATION_CONNECTION */;
/*!50503 SET NAMES utf8 */;
/*!40103 SET @OLD_TIME_ZONE=@@TIME_ZONE */;
/*!40103 SET TIME_ZONE='+00:00' */;
/*!40014 SET @OLD_UNIQUE_CHECKS=@@UNIQUE_CHECKS, UNIQUE_CHECKS=0 */;
/*!40014 SET @OLD_FOREIGN_KEY_CHECKS=@@FOREIGN_KEY_CHECKS, FOREIGN_KEY_CHECKS=0 */;
/*!40101 SET @OLD_SQL_MODE=@@SQL_MODE, SQL_MODE='NO_AUTO_VALUE_ON_ZERO' */;
/*!40111 SET @OLD_SQL_NOTES=@@SQL_NOTES, SQL_NOTES=0 */;

--
-- Table structure for table `assss_booking`
--

DROP TABLE IF EXISTS `assss_booking`;
/*!40101 SET @saved_cs_client     = @@character_set_client */;
/*!50503 SET character_set_client = utf8mb4 */;
CREATE TABLE `assss_booking` (
  `id` bigint NOT NULL AUTO_INCREMENT,
  `status` int NOT NULL,
  `post_id` bigint NOT NULL,
  `user_id` bigint NOT NULL,
  `active` tinyint(1) NOT NULL,
  `created_date` date DEFAULT NULL,
  `updated_date` date DEFAULT NULL,
  `deleted_date` datetime(6) DEFAULT NULL,
  PRIMARY KEY (`id`),
  KEY `ASSSs_booking_post_id_e6814d8b_fk_ASSSs_post_id` (`post_id`),
  KEY `ASSSs_booking_user_id_e5ca6b1a_fk_ASSSs_user_id` (`user_id`),
  CONSTRAINT `ASSSs_booking_post_id_e6814d8b_fk_ASSSs_post_id` FOREIGN KEY (`post_id`) REFERENCES `assss_post` (`id`),
  CONSTRAINT `ASSSs_booking_user_id_e5ca6b1a_fk_ASSSs_user_id` FOREIGN KEY (`user_id`) REFERENCES `assss_user` (`id`)
) ENGINE=InnoDB AUTO_INCREMENT=26 DEFAULT CHARSET=utf8mb4 COLLATE=utf8mb4_unicode_ci;
/*!40101 SET character_set_client = @saved_cs_client */;

--
-- Dumping data for table `assss_booking`
--

LOCK TABLES `assss_booking` WRITE;
/*!40000 ALTER TABLE `assss_booking` DISABLE KEYS */;
INSERT INTO `assss_booking` VALUES (1,0,79,42,1,'2024-01-03','2024-01-03',NULL),(2,1,35,14,1,'2024-01-03','2024-01-03',NULL),(3,1,81,56,1,'2024-01-03','2024-01-03',NULL),(4,0,81,62,1,'2024-01-03','2024-01-03',NULL),(5,1,43,38,1,'2024-01-03','2024-01-03',NULL),(6,0,28,10,1,'2024-01-03','2024-01-03',NULL),(7,1,43,14,1,'2024-01-03','2024-01-03',NULL),(8,1,35,52,1,'2024-01-03','2024-01-03',NULL),(9,0,39,44,1,'2024-01-03','2024-01-03',NULL),(10,0,34,36,1,'2024-01-03','2024-01-03',NULL),(11,1,32,48,1,'2024-01-03','2024-01-03',NULL),(12,1,39,42,1,'2024-01-03','2024-01-03',NULL),(13,1,54,36,1,'2024-01-03','2024-01-03',NULL),(14,1,37,8,1,'2024-01-03','2024-01-03',NULL),(15,1,47,42,1,'2024-01-03','2024-01-03',NULL),(16,0,49,48,1,'2024-01-03','2024-01-03',NULL),(17,1,48,52,1,'2024-01-03','2024-01-03',NULL),(18,0,39,46,1,'2024-01-03','2024-01-03',NULL),(19,1,44,24,1,'2024-01-03','2024-01-03',NULL),(20,0,45,48,1,'2024-01-03','2024-01-03',NULL),(21,1,40,50,1,'2024-01-04','2024-01-04',NULL),(22,1,40,52,1,'2024-01-04','2024-01-04',NULL),(23,1,40,12,1,'2024-01-04','2024-01-04',NULL),(24,1,40,12,1,'2024-01-04','2024-01-04',NULL),(25,1,40,4,1,'2024-01-04','2024-01-04',NULL);
/*!40000 ALTER TABLE `assss_booking` ENABLE KEYS */;
UNLOCK TABLES;

--
-- Table structure for table `assss_comment`
--

DROP TABLE IF EXISTS `assss_comment`;
/*!40101 SET @saved_cs_client     = @@character_set_client */;
/*!50503 SET character_set_client = utf8mb4 */;
CREATE TABLE `assss_comment` (
  `id` bigint NOT NULL AUTO_INCREMENT,
  `value` varchar(1000) COLLATE utf8mb4_unicode_ci NOT NULL,
  `parentcomment_id` bigint DEFAULT NULL,
  `post_id` bigint NOT NULL,
  `user_id` bigint NOT NULL,
  `active` tinyint(1) NOT NULL,
  `created_date` date DEFAULT NULL,
  `updated_date` date DEFAULT NULL,
  `deleted_date` datetime(6) DEFAULT NULL,
  PRIMARY KEY (`id`),
  KEY `ASSSs_comment_parentcomment_id_d8d74d6b_fk_ASSSs_comment_id` (`parentcomment_id`),
  KEY `ASSSs_comment_post_id_374a6216_fk_ASSSs_post_id` (`post_id`),
  KEY `ASSSs_comment_user_id_cea7dda8_fk_ASSSs_user_id` (`user_id`),
  CONSTRAINT `ASSSs_comment_parentcomment_id_d8d74d6b_fk_ASSSs_comment_id` FOREIGN KEY (`parentcomment_id`) REFERENCES `assss_comment` (`id`),
  CONSTRAINT `ASSSs_comment_post_id_374a6216_fk_ASSSs_post_id` FOREIGN KEY (`post_id`) REFERENCES `assss_post` (`id`),
  CONSTRAINT `ASSSs_comment_user_id_cea7dda8_fk_ASSSs_user_id` FOREIGN KEY (`user_id`) REFERENCES `assss_user` (`id`)
) ENGINE=InnoDB AUTO_INCREMENT=57 DEFAULT CHARSET=utf8mb4 COLLATE=utf8mb4_unicode_ci;
/*!40101 SET character_set_client = @saved_cs_client */;

--
-- Dumping data for table `assss_comment`
--

LOCK TABLES `assss_comment` WRITE;
/*!40000 ALTER TABLE `assss_comment` DISABLE KEYS */;
INSERT INTO `assss_comment` VALUES (1,'moi sua ne',NULL,1,48,1,'2024-01-04','2024-01-16','2024-01-15 16:39:40.045337'),(2,'thay the',1,1,12,1,'2024-01-04','2024-01-16',NULL),(3,'Building drug tree impact. You ten note source idea. Poor fact soldier dinner daughter local.\nMajor course central item piece research.',2,1,26,1,'2024-01-04','2024-01-04',NULL),(4,'Kitchen end various ahead. Matter while continue travel pattern receive. Capital minute including political whole physical.',3,34,10,1,'2024-01-04','2024-01-04',NULL),(5,'thay the ne',2,1,46,0,'2024-01-04','2024-01-16','2024-01-15 18:54:36.283672'),(6,'thay the ne',2,41,46,1,'2024-01-04','2024-01-16',NULL),(7,'Watch owner sister. End able through TV perform concern like.\nGive often reduce almost tonight teacher see. Message grow black travel you good. Father usually hope then.',6,35,32,0,'2024-01-04','2024-01-16','2024-01-15 18:54:41.081236'),(8,'Analysis drug blood check including less deal strong. Yeah operation compare yes attack account.',4,80,52,1,'2024-01-04','2024-01-04',NULL),(9,'Identify trade past couple character fall fire. Provide yet might during list least their. Friend side evidence identify common continue into.',4,36,56,1,'2024-01-04','2024-01-04',NULL),(10,'Democratic bit show. Effort but analysis manage technology. Realize various which group risk possible.',4,50,54,1,'2024-01-04','2024-01-04',NULL),(11,'Green environmental memory at you never like. Stock level over carry use southern.\nPut foreign only training drug. Contain total he control Mr cup. Here account billion value size stock.',4,35,40,1,'2024-01-04','2024-01-04',NULL),(12,'Energy woman or true store home box. Identify mind down piece rule sign. Argue remain themselves meet some.',6,50,14,0,'2024-01-04','2024-01-16','2024-01-15 17:23:54.538143'),(13,'Wonder mouth nothing wonder while structure key. Relate tough while TV consumer. Firm policy party direction career.',10,51,62,1,'2024-01-04','2024-01-04',NULL),(14,'Week discussion show put throw newspaper morning. Relationship player form career him. Model international different entire policy spend nor start. Simply source free other great be need cause.',1,81,4,0,'2024-01-04','2024-01-15','2024-01-15 16:24:42.672432'),(15,'Name size travel. Green responsibility by position fly than material.\nLay need whom movie up. Treatment war behavior his best.\nInteresting through cause center.',5,80,62,0,'2024-01-04','2024-01-16','2024-01-15 17:24:05.329413'),(16,'Never floor positive treat join upon. Democrat food growth impact. Any inside city local western hundred.',13,49,54,1,'2024-01-04','2024-01-04',NULL),(17,'Board method nature. Finally view represent bed common. Forward decade focus so American thousand.',12,51,28,0,'2024-01-04','2024-01-16','2024-01-15 17:23:42.884427'),(18,'Especially tonight become world around. Meeting trip first yet control too. Party start successful detail trip.',1,61,48,0,'2024-01-04','2024-01-16','2024-01-15 17:22:38.733897'),(19,'Beautiful phone civil bad still. Fire forward leader citizen protect girl feel.\nPresident ask why operation first single. Home play chair. Wide draw sell since enter.',13,63,26,1,'2024-01-04','2024-01-04',NULL),(20,'Turn age half nothing today another happy. Difference course interview feeling not play child material. Represent minute six house then single until. Majority animal adult front some language.',19,35,46,1,'2024-01-04','2024-01-04',NULL),(21,'Prevent international occur particular. Manager or into thus mean decade experience provide.\nPressure scientist nothing draw best class. Tv history read reason nothing.',NULL,1,58,0,'2024-01-04','2024-01-15','2024-01-15 16:37:47.185552'),(22,'Point find open result follow month risk indicate. Nation much suggest majority summer level.\nForeign hair design teacher. Church full sit and big eight strong.',21,70,24,1,'2024-01-04','2024-01-04',NULL),(23,'Check consumer move third so style good for. Give fish around such. Test design with nice dark education dinner.\nBuy exist bank listen there increase thank expert. Crime free watch.',22,50,30,1,'2024-01-04','2024-01-04',NULL),(24,'Determine including investment employee like especially maybe bank.',23,4,24,1,'2024-01-04','2024-01-04',NULL),(25,'Simple for tax executive hair example goal. Late kind respond yeah.\nBlue although either though treatment recognize.\nCandidate miss team beat. Edge often guess moment southern.',24,42,12,1,'2024-01-04','2024-01-04',NULL),(26,'Statement third share TV want. Admit play seven.\nRelationship along book suggest training many. Put finish store while never oil will.',21,27,54,1,'2024-01-04','2024-01-04',NULL),(27,'Produce form ever treatment lay. Task long gas task value.\nOpportunity tough speak fill capital. Upon tonight wall yard.',26,74,56,1,'2024-01-04','2024-01-04',NULL),(28,'Out she kid ball professional two court. Organization finally stop animal start. Word foreign interesting great green.\nCut finish shoulder part. Him production put stock woman. Return or something.',23,47,62,1,'2024-01-04','2024-01-04',NULL),(29,'Laugh most senior better use there career. Fear trip generation interview. Foot road these visit develop agree.\nPut go war church. Statement two reflect individual source relate fill.',22,36,50,1,'2024-01-04','2024-01-04',NULL),(30,'Collection want million collection owner leave. Toward field environment computer. Color little sound fill. Establish kind provide identify PM white dinner.\nHis politics everything.',25,45,38,1,'2024-01-04','2024-01-04',NULL),(31,'Argue mean free audience analysis. Always customer drive. Food despite reason wear share.\nPlan never can road society. College stand increase couple but. Between eat to note.',NULL,31,62,1,'2024-01-04','2024-01-04',NULL),(32,'Worker save possible create could measure final. Thousand wife space pay.\nRadio me sometimes industry send term. Head decade two. Part official their summer.',NULL,31,62,1,'2024-01-04','2024-01-04',NULL),(33,'Build serve center hand democratic.\nBut any key moment. Over human say owner choice more name.\nSave draw whose subject interesting mouth. Development room deal friend deep various. Drop poor base.',NULL,26,44,1,'2024-01-04','2024-01-04',NULL),(34,'Must pressure economy put or produce tonight. Large very TV trial. Front enjoy south billion together.',NULL,47,28,1,'2024-01-04','2024-01-04',NULL),(35,'Use simple tell short reflect foreign now floor. Meet offer face trade evidence way.\nCentral join away prove. Others share lot wait born thousand go. Want act measure style.',NULL,42,44,1,'2024-01-04','2024-01-04',NULL),(36,'Lot person carry almost pay. City foreign wish including school.\nTen whom provide result per everything. Late employee medical cup wall always.',NULL,61,14,1,'2024-01-04','2024-01-04',NULL),(37,'Among production result student. Choose executive from dark community. Actually another couple college discussion away also.',NULL,2,54,1,'2024-01-04','2024-01-04',NULL),(38,'General chair huge worry.\nUnit sound series. Drive even major movement. Reality next person remain entire culture score list. Hospital growth begin activity.\nConcern edge produce language.',NULL,74,8,1,'2024-01-04','2024-01-04',NULL),(39,'Significant article run right likely never. Mrs care performance great.\nAlthough let current coach. Have instead simply go positive.',NULL,32,26,1,'2024-01-04','2024-01-04',NULL),(40,'Hair box small. Performance TV decision mission.\nDiscussion once interesting. Him indicate sit area mention nation simple. Law risk purpose administration result everyone language.',NULL,32,10,1,'2024-01-04','2024-01-04',NULL),(41,'thay the ne',NULL,1,4,1,'2024-01-16','2024-01-16',NULL),(42,'thay the ne',2,1,45,1,'2024-01-16','2024-01-16',NULL),(43,'comment ne !!',2,1,45,1,'2024-01-16','2024-01-16',NULL),(44,'comment ne !!',41,1,9,1,'2024-01-16','2024-01-16',NULL),(45,'Nhap do ne',NULL,1,9,1,'2024-01-16','2024-01-16',NULL),(46,'comment ne !!',44,1,9,1,'2024-01-16','2024-01-16',NULL),(47,'comment ne !!',45,1,9,1,'2024-01-16','2024-01-16',NULL),(48,'comment ne !!',44,1,9,1,'2024-01-16','2024-01-16',NULL),(49,'comment ne !!',41,1,9,1,'2024-01-16','2024-01-16',NULL),(50,'comment ne !!',37,2,30,1,'2024-01-17','2024-01-17',NULL),(51,'comment ne !!',41,1,30,1,'2024-01-17','2024-01-17',NULL),(52,'comment ne !!',41,1,30,1,'2024-01-17','2024-01-17',NULL),(53,'comment ne !!',41,1,30,1,'2024-01-17','2024-01-17',NULL),(54,'comment ne !!',41,1,30,0,'2024-01-17','2024-01-17','2024-01-17 08:08:51.549959'),(55,'comment ne !!',50,2,30,1,'2024-01-17','2024-01-17',NULL),(56,'comment ne !!',53,1,30,1,'2024-01-17','2024-01-17',NULL);
/*!40000 ALTER TABLE `assss_comment` ENABLE KEYS */;
UNLOCK TABLES;

--
-- Table structure for table `assss_discount`
--

DROP TABLE IF EXISTS `assss_discount`;
/*!40101 SET @saved_cs_client     = @@character_set_client */;
/*!50503 SET character_set_client = utf8mb4 */;
CREATE TABLE `assss_discount` (
  `id` bigint NOT NULL AUTO_INCREMENT,
  `name` varchar(100) COLLATE utf8mb4_unicode_ci NOT NULL,
  `value` double NOT NULL,
  `active` tinyint(1) NOT NULL,
  `created_date` date DEFAULT NULL,
  `updated_date` date DEFAULT NULL,
  `deleted_date` datetime(6) DEFAULT NULL,
  PRIMARY KEY (`id`)
) ENGINE=InnoDB AUTO_INCREMENT=3 DEFAULT CHARSET=utf8mb4 COLLATE=utf8mb4_unicode_ci;
/*!40101 SET character_set_client = @saved_cs_client */;

--
-- Dumping data for table `assss_discount`
--

LOCK TABLES `assss_discount` WRITE;
/*!40000 ALTER TABLE `assss_discount` DISABLE KEYS */;
INSERT INTO `assss_discount` VALUES (1,'SALE 0%',0,1,'2024-01-03','2024-01-03','2024-01-03 05:01:02.874000'),(2,'SALE 10%',0.1,1,'2024-01-03','2024-01-03','2024-01-03 05:01:02.874000');
/*!40000 ALTER TABLE `assss_discount` ENABLE KEYS */;
UNLOCK TABLES;

--
-- Table structure for table `assss_follow`
--

DROP TABLE IF EXISTS `assss_follow`;
/*!40101 SET @saved_cs_client     = @@character_set_client */;
/*!50503 SET character_set_client = utf8mb4 */;
CREATE TABLE `assss_follow` (
  `id` bigint NOT NULL AUTO_INCREMENT,
  `followeduser_id` bigint NOT NULL,
  `follower_id` bigint NOT NULL,
  `active` tinyint(1) NOT NULL,
  `created_date` date DEFAULT NULL,
  `updated_date` date DEFAULT NULL,
  `deleted_date` datetime(6) DEFAULT NULL,
  PRIMARY KEY (`id`),
  KEY `ASSSs_follow_followeduser_id_0c49883c_fk_ASSSs_user_id` (`followeduser_id`),
  KEY `ASSSs_follow_follower_id_7503e8f3_fk_ASSSs_user_id` (`follower_id`),
  CONSTRAINT `ASSSs_follow_followeduser_id_0c49883c_fk_ASSSs_user_id` FOREIGN KEY (`followeduser_id`) REFERENCES `assss_user` (`id`),
  CONSTRAINT `ASSSs_follow_follower_id_7503e8f3_fk_ASSSs_user_id` FOREIGN KEY (`follower_id`) REFERENCES `assss_user` (`id`)
) ENGINE=InnoDB AUTO_INCREMENT=599 DEFAULT CHARSET=utf8mb4 COLLATE=utf8mb4_unicode_ci;
/*!40101 SET character_set_client = @saved_cs_client */;

--
-- Dumping data for table `assss_follow`
--

LOCK TABLES `assss_follow` WRITE;
/*!40000 ALTER TABLE `assss_follow` DISABLE KEYS */;
INSERT INTO `assss_follow` VALUES (1,6,5,1,NULL,NULL,NULL),(2,5,4,1,'2024-01-03','2024-01-03',NULL),(3,5,16,1,'2024-01-03','2024-01-03',NULL),(4,5,12,1,'2024-01-03','2024-01-03',NULL),(5,5,50,1,'2024-01-03','2024-01-03',NULL),(6,5,38,1,'2024-01-03','2024-01-03',NULL),(7,5,14,1,'2024-01-03','2024-01-03',NULL),(8,5,26,1,'2024-01-03','2024-01-03',NULL),(9,5,30,1,'2024-01-03','2024-01-03',NULL),(10,5,14,1,'2024-01-03','2024-01-03',NULL),(11,5,18,1,'2024-01-03','2024-01-03',NULL),(12,5,30,1,'2024-01-03','2024-01-03',NULL),(13,5,28,1,'2024-01-03','2024-01-03',NULL),(14,5,24,1,'2024-01-03','2024-01-03',NULL),(15,5,36,1,'2024-01-03','2024-01-03',NULL),(16,5,28,1,'2024-01-03','2024-01-03',NULL),(17,7,44,1,'2024-01-03','2024-01-03',NULL),(18,7,52,1,'2024-01-03','2024-01-03',NULL),(19,7,44,1,'2024-01-03','2024-01-03',NULL),(20,7,32,1,'2024-01-03','2024-01-03',NULL),(21,7,46,1,'2024-01-03','2024-01-03',NULL),(22,7,30,1,'2024-01-03','2024-01-03',NULL),(23,7,44,1,'2024-01-03','2024-01-03',NULL),(24,7,12,1,'2024-01-03','2024-01-03',NULL),(25,7,58,1,'2024-01-03','2024-01-03',NULL),(26,7,42,1,'2024-01-03','2024-01-03',NULL),(27,7,62,1,'2024-01-03','2024-01-03',NULL),(28,7,32,1,'2024-01-03','2024-01-03',NULL),(29,7,24,1,'2024-01-03','2024-01-03',NULL),(30,7,10,1,'2024-01-03','2024-01-03',NULL),(31,7,38,1,'2024-01-03','2024-01-03',NULL),(32,7,44,1,'2024-01-03','2024-01-03',NULL),(33,7,36,1,'2024-01-03','2024-01-03',NULL),(34,7,40,1,'2024-01-03','2024-01-03',NULL),(35,7,44,1,'2024-01-03','2024-01-03',NULL),(36,7,10,1,'2024-01-03','2024-01-03',NULL),(37,7,14,1,'2024-01-03','2024-01-03',NULL),(38,7,24,1,'2024-01-03','2024-01-03',NULL),(39,7,32,1,'2024-01-03','2024-01-03',NULL),(40,7,46,1,'2024-01-03','2024-01-03',NULL),(41,7,50,1,'2024-01-03','2024-01-03',NULL),(42,7,4,1,'2024-01-03','2024-01-03',NULL),(43,7,38,1,'2024-01-03','2024-01-03',NULL),(44,7,18,1,'2024-01-03','2024-01-03',NULL),(45,7,14,1,'2024-01-03','2024-01-03',NULL),(46,7,22,1,'2024-01-03','2024-01-03',NULL),(47,9,20,1,'2024-01-03','2024-01-03',NULL),(48,9,62,1,'2024-01-03','2024-01-03',NULL),(49,9,46,1,'2024-01-03','2024-01-03',NULL),(50,9,6,1,'2024-01-03','2024-01-03',NULL),(51,9,12,1,'2024-01-03','2024-01-03',NULL),(52,9,36,1,'2024-01-03','2024-01-03',NULL),(53,9,50,1,'2024-01-03','2024-01-03',NULL),(54,9,26,1,'2024-01-03','2024-01-03',NULL),(55,9,54,1,'2024-01-03','2024-01-03',NULL),(56,9,54,1,'2024-01-03','2024-01-03',NULL),(57,9,36,1,'2024-01-03','2024-01-03',NULL),(58,9,50,1,'2024-01-03','2024-01-03',NULL),(59,9,8,1,'2024-01-03','2024-01-03',NULL),(60,9,56,1,'2024-01-03','2024-01-03',NULL),(61,9,62,1,'2024-01-03','2024-01-03',NULL),(62,11,20,1,'2024-01-03','2024-01-03',NULL),(63,11,14,1,'2024-01-03','2024-01-03',NULL),(64,11,8,1,'2024-01-03','2024-01-03',NULL),(65,11,22,1,'2024-01-03','2024-01-03',NULL),(66,11,20,1,'2024-01-03','2024-01-03',NULL),(67,11,32,1,'2024-01-03','2024-01-03',NULL),(68,11,46,1,'2024-01-03','2024-01-03',NULL),(69,11,44,1,'2024-01-03','2024-01-03',NULL),(70,11,26,1,'2024-01-03','2024-01-03',NULL),(71,11,14,1,'2024-01-03','2024-01-03',NULL),(72,11,10,1,'2024-01-03','2024-01-03',NULL),(73,11,26,1,'2024-01-03','2024-01-03',NULL),(74,11,22,1,'2024-01-03','2024-01-03',NULL),(75,11,56,1,'2024-01-03','2024-01-03',NULL),(76,11,20,1,'2024-01-03','2024-01-03',NULL),(77,11,60,1,'2024-01-03','2024-01-03',NULL),(78,11,60,1,'2024-01-03','2024-01-03',NULL),(79,11,16,1,'2024-01-03','2024-01-03',NULL),(80,11,46,1,'2024-01-03','2024-01-03',NULL),(81,11,20,1,'2024-01-03','2024-01-03',NULL),(82,11,36,1,'2024-01-03','2024-01-03',NULL),(83,11,8,1,'2024-01-03','2024-01-03',NULL),(84,11,8,1,'2024-01-03','2024-01-03',NULL),(85,11,10,1,'2024-01-03','2024-01-03',NULL),(86,11,4,1,'2024-01-03','2024-01-03',NULL),(87,11,16,1,'2024-01-03','2024-01-03',NULL),(88,11,38,1,'2024-01-03','2024-01-03',NULL),(89,11,14,1,'2024-01-03','2024-01-03',NULL),(90,11,30,1,'2024-01-03','2024-01-03',NULL),(91,13,14,1,'2024-01-03','2024-01-03',NULL),(92,13,30,1,'2024-01-03','2024-01-03',NULL),(93,13,8,1,'2024-01-03','2024-01-03',NULL),(94,13,24,1,'2024-01-03','2024-01-03',NULL),(95,13,50,1,'2024-01-03','2024-01-03',NULL),(96,15,12,1,'2024-01-03','2024-01-03',NULL),(97,15,40,1,'2024-01-03','2024-01-03',NULL),(98,15,6,1,'2024-01-03','2024-01-03',NULL),(99,15,12,1,'2024-01-03','2024-01-03',NULL),(100,15,38,1,'2024-01-03','2024-01-03',NULL),(101,15,30,1,'2024-01-03','2024-01-03',NULL),(102,15,62,1,'2024-01-03','2024-01-03',NULL),(103,15,32,1,'2024-01-03','2024-01-03',NULL),(104,15,62,1,'2024-01-03','2024-01-03',NULL),(105,15,20,1,'2024-01-03','2024-01-03',NULL),(106,15,42,1,'2024-01-03','2024-01-03',NULL),(107,15,22,1,'2024-01-03','2024-01-03',NULL),(108,15,58,1,'2024-01-03','2024-01-03',NULL),(109,15,52,1,'2024-01-03','2024-01-03',NULL),(110,15,8,1,'2024-01-03','2024-01-03',NULL),(111,15,30,1,'2024-01-03','2024-01-03',NULL),(112,15,50,1,'2024-01-03','2024-01-03',NULL),(113,15,44,1,'2024-01-03','2024-01-03',NULL),(114,15,14,1,'2024-01-03','2024-01-03',NULL),(115,15,18,1,'2024-01-03','2024-01-03',NULL),(116,15,36,1,'2024-01-03','2024-01-03',NULL),(117,15,4,1,'2024-01-03','2024-01-03',NULL),(118,15,46,1,'2024-01-03','2024-01-03',NULL),(119,17,16,1,'2024-01-03','2024-01-03',NULL),(120,17,40,1,'2024-01-03','2024-01-03',NULL),(121,17,58,1,'2024-01-03','2024-01-03',NULL),(122,17,18,1,'2024-01-03','2024-01-03',NULL),(123,17,50,1,'2024-01-03','2024-01-03',NULL),(124,17,38,1,'2024-01-03','2024-01-03',NULL),(125,17,38,1,'2024-01-03','2024-01-03',NULL),(126,17,48,1,'2024-01-03','2024-01-03',NULL),(127,17,52,1,'2024-01-03','2024-01-03',NULL),(128,17,8,1,'2024-01-03','2024-01-03',NULL),(129,17,46,1,'2024-01-03','2024-01-03',NULL),(130,17,14,1,'2024-01-03','2024-01-03',NULL),(131,17,54,1,'2024-01-03','2024-01-03',NULL),(132,17,44,1,'2024-01-03','2024-01-03',NULL),(133,17,4,1,'2024-01-03','2024-01-03',NULL),(134,17,54,1,'2024-01-03','2024-01-03',NULL),(135,17,6,1,'2024-01-03','2024-01-03',NULL),(136,17,40,1,'2024-01-03','2024-01-03',NULL),(137,17,8,1,'2024-01-03','2024-01-03',NULL),(138,17,56,1,'2024-01-03','2024-01-03',NULL),(139,17,38,1,'2024-01-03','2024-01-03',NULL),(140,17,58,1,'2024-01-03','2024-01-03',NULL),(141,17,62,1,'2024-01-03','2024-01-03',NULL),(142,19,20,1,'2024-01-03','2024-01-03',NULL),(143,19,32,1,'2024-01-03','2024-01-03',NULL),(144,19,28,1,'2024-01-03','2024-01-03',NULL),(145,19,14,1,'2024-01-03','2024-01-03',NULL),(146,19,62,1,'2024-01-03','2024-01-03',NULL),(147,19,50,1,'2024-01-03','2024-01-03',NULL),(148,19,10,1,'2024-01-03','2024-01-03',NULL),(149,19,54,1,'2024-01-03','2024-01-03',NULL),(150,19,60,1,'2024-01-03','2024-01-03',NULL),(151,19,24,1,'2024-01-03','2024-01-03',NULL),(152,19,8,1,'2024-01-03','2024-01-03',NULL),(153,19,24,1,'2024-01-03','2024-01-03',NULL),(154,19,46,1,'2024-01-03','2024-01-03',NULL),(155,19,58,1,'2024-01-03','2024-01-03',NULL),(156,19,52,1,'2024-01-03','2024-01-03',NULL),(157,19,18,1,'2024-01-03','2024-01-03',NULL),(158,21,8,1,'2024-01-03','2024-01-03',NULL),(159,21,56,1,'2024-01-03','2024-01-03',NULL),(160,21,32,1,'2024-01-03','2024-01-03',NULL),(161,21,60,1,'2024-01-03','2024-01-03',NULL),(162,21,38,1,'2024-01-03','2024-01-03',NULL),(163,21,60,1,'2024-01-03','2024-01-03',NULL),(164,21,46,1,'2024-01-03','2024-01-03',NULL),(165,21,32,1,'2024-01-03','2024-01-03',NULL),(166,21,28,1,'2024-01-03','2024-01-03',NULL),(167,21,30,1,'2024-01-03','2024-01-03',NULL),(168,21,48,1,'2024-01-03','2024-01-03',NULL),(169,21,24,1,'2024-01-03','2024-01-03',NULL),(170,23,32,1,'2024-01-03','2024-01-03',NULL),(171,23,18,1,'2024-01-03','2024-01-03',NULL),(172,23,56,1,'2024-01-03','2024-01-03',NULL),(173,23,26,1,'2024-01-03','2024-01-03',NULL),(174,23,58,1,'2024-01-03','2024-01-03',NULL),(175,23,10,1,'2024-01-03','2024-01-03',NULL),(176,23,18,1,'2024-01-03','2024-01-03',NULL),(177,23,38,1,'2024-01-03','2024-01-03',NULL),(178,23,42,1,'2024-01-03','2024-01-03',NULL),(179,25,42,1,'2024-01-03','2024-01-03',NULL),(180,25,54,1,'2024-01-03','2024-01-03',NULL),(181,25,32,1,'2024-01-03','2024-01-03',NULL),(182,25,50,1,'2024-01-03','2024-01-03',NULL),(183,25,26,1,'2024-01-03','2024-01-03',NULL),(184,25,52,1,'2024-01-03','2024-01-03',NULL),(185,25,10,1,'2024-01-03','2024-01-03',NULL),(186,25,14,1,'2024-01-03','2024-01-03',NULL),(187,25,32,1,'2024-01-03','2024-01-03',NULL),(188,25,52,1,'2024-01-03','2024-01-03',NULL),(189,25,36,1,'2024-01-03','2024-01-03',NULL),(190,25,36,1,'2024-01-03','2024-01-03',NULL),(191,25,56,1,'2024-01-03','2024-01-03',NULL),(192,25,42,1,'2024-01-03','2024-01-03',NULL),(193,25,38,1,'2024-01-03','2024-01-03',NULL),(194,25,38,1,'2024-01-03','2024-01-03',NULL),(195,25,18,1,'2024-01-03','2024-01-03',NULL),(196,25,60,1,'2024-01-03','2024-01-03',NULL),(197,25,16,1,'2024-01-03','2024-01-03',NULL),(198,25,60,1,'2024-01-03','2024-01-03',NULL),(199,25,22,1,'2024-01-03','2024-01-03',NULL),(200,25,58,1,'2024-01-03','2024-01-03',NULL),(201,25,62,1,'2024-01-03','2024-01-03',NULL),(202,25,18,1,'2024-01-03','2024-01-03',NULL),(203,27,18,1,'2024-01-03','2024-01-03',NULL),(204,27,62,1,'2024-01-03','2024-01-03',NULL),(205,27,4,1,'2024-01-03','2024-01-03',NULL),(206,27,60,1,'2024-01-03','2024-01-03',NULL),(207,27,4,1,'2024-01-03','2024-01-03',NULL),(208,27,22,1,'2024-01-03','2024-01-03',NULL),(209,27,42,1,'2024-01-03','2024-01-03',NULL),(210,27,40,1,'2024-01-03','2024-01-03',NULL),(211,27,8,1,'2024-01-03','2024-01-03',NULL),(212,27,48,1,'2024-01-03','2024-01-03',NULL),(213,27,32,1,'2024-01-03','2024-01-03',NULL),(214,27,48,1,'2024-01-03','2024-01-03',NULL),(215,27,8,1,'2024-01-03','2024-01-03',NULL),(216,27,28,1,'2024-01-03','2024-01-03',NULL),(217,27,36,1,'2024-01-03','2024-01-03',NULL),(218,27,20,1,'2024-01-03','2024-01-03',NULL),(219,27,32,1,'2024-01-03','2024-01-03',NULL),(220,27,30,1,'2024-01-03','2024-01-03',NULL),(221,27,26,1,'2024-01-03','2024-01-03',NULL),(222,27,30,1,'2024-01-03','2024-01-03',NULL),(223,27,58,1,'2024-01-03','2024-01-03',NULL),(224,27,36,1,'2024-01-03','2024-01-03',NULL),(225,27,12,1,'2024-01-03','2024-01-03',NULL),(226,29,24,1,'2024-01-03','2024-01-03',NULL),(227,29,14,1,'2024-01-03','2024-01-03',NULL),(228,29,44,1,'2024-01-03','2024-01-03',NULL),(229,29,14,1,'2024-01-03','2024-01-03',NULL),(230,29,48,1,'2024-01-03','2024-01-03',NULL),(231,29,16,1,'2024-01-03','2024-01-03',NULL),(232,29,40,1,'2024-01-03','2024-01-03',NULL),(233,29,18,1,'2024-01-03','2024-01-03',NULL),(234,29,36,1,'2024-01-03','2024-01-03',NULL),(235,29,40,1,'2024-01-03','2024-01-03',NULL),(236,29,38,1,'2024-01-03','2024-01-03',NULL),(237,29,56,1,'2024-01-03','2024-01-03',NULL),(238,29,50,1,'2024-01-03','2024-01-03',NULL),(239,29,40,1,'2024-01-03','2024-01-03',NULL),(240,29,8,1,'2024-01-03','2024-01-03',NULL),(241,29,32,1,'2024-01-03','2024-01-03',NULL),(242,29,38,1,'2024-01-03','2024-01-03',NULL),(243,29,38,1,'2024-01-03','2024-01-03',NULL),(244,29,30,1,'2024-01-03','2024-01-03',NULL),(245,29,60,1,'2024-01-03','2024-01-03',NULL),(246,29,18,1,'2024-01-03','2024-01-03',NULL),(247,29,50,1,'2024-01-03','2024-01-03',NULL),(248,29,30,1,'2024-01-03','2024-01-03',NULL),(249,29,36,1,'2024-01-03','2024-01-03',NULL),(250,29,54,1,'2024-01-03','2024-01-03',NULL),(251,29,54,1,'2024-01-03','2024-01-03',NULL),(252,29,4,1,'2024-01-03','2024-01-03',NULL),(253,31,6,1,'2024-01-03','2024-01-03',NULL),(254,31,52,1,'2024-01-03','2024-01-03',NULL),(255,31,48,1,'2024-01-03','2024-01-03',NULL),(256,31,52,1,'2024-01-03','2024-01-03',NULL),(257,31,32,1,'2024-01-03','2024-01-03',NULL),(258,31,12,1,'2024-01-03','2024-01-03',NULL),(259,31,6,1,'2024-01-03','2024-01-03',NULL),(260,31,40,1,'2024-01-03','2024-01-03',NULL),(261,31,24,1,'2024-01-03','2024-01-03',NULL),(262,31,40,1,'2024-01-03','2024-01-03',NULL),(263,31,50,1,'2024-01-03','2024-01-03',NULL),(264,31,46,1,'2024-01-03','2024-01-03',NULL),(265,31,52,1,'2024-01-03','2024-01-03',NULL),(266,31,36,1,'2024-01-03','2024-01-03',NULL),(267,31,40,1,'2024-01-03','2024-01-03',NULL),(268,31,58,1,'2024-01-03','2024-01-03',NULL),(269,31,18,1,'2024-01-03','2024-01-03',NULL),(270,31,42,1,'2024-01-03','2024-01-03',NULL),(271,31,42,1,'2024-01-03','2024-01-03',NULL),(272,31,22,1,'2024-01-03','2024-01-03',NULL),(273,31,28,1,'2024-01-03','2024-01-03',NULL),(274,31,56,1,'2024-01-03','2024-01-03',NULL),(275,33,24,1,'2024-01-03','2024-01-03',NULL),(276,33,18,1,'2024-01-03','2024-01-03',NULL),(277,33,18,1,'2024-01-03','2024-01-03',NULL),(278,33,12,1,'2024-01-03','2024-01-03',NULL),(279,33,18,1,'2024-01-03','2024-01-03',NULL),(280,33,58,1,'2024-01-03','2024-01-03',NULL),(281,33,36,1,'2024-01-03','2024-01-03',NULL),(282,33,56,1,'2024-01-03','2024-01-03',NULL),(283,33,56,1,'2024-01-03','2024-01-03',NULL),(284,33,48,1,'2024-01-03','2024-01-03',NULL),(285,33,26,1,'2024-01-03','2024-01-03',NULL),(286,33,52,1,'2024-01-03','2024-01-03',NULL),(287,33,62,1,'2024-01-03','2024-01-03',NULL),(288,33,32,1,'2024-01-03','2024-01-03',NULL),(289,33,38,1,'2024-01-03','2024-01-03',NULL),(290,33,46,1,'2024-01-03','2024-01-03',NULL),(291,33,62,1,'2024-01-03','2024-01-03',NULL),(292,33,20,1,'2024-01-03','2024-01-03',NULL),(293,33,26,1,'2024-01-03','2024-01-03',NULL),(294,33,6,1,'2024-01-03','2024-01-03',NULL),(295,34,46,1,'2024-01-03','2024-01-03',NULL),(296,34,20,1,'2024-01-03','2024-01-03',NULL),(297,34,18,1,'2024-01-03','2024-01-03',NULL),(298,34,38,1,'2024-01-03','2024-01-03',NULL),(299,34,42,1,'2024-01-03','2024-01-03',NULL),(300,34,16,1,'2024-01-03','2024-01-03',NULL),(301,34,48,1,'2024-01-03','2024-01-03',NULL),(302,34,48,1,'2024-01-03','2024-01-03',NULL),(303,34,60,1,'2024-01-03','2024-01-03',NULL),(304,34,24,1,'2024-01-03','2024-01-03',NULL),(305,34,48,1,'2024-01-03','2024-01-03',NULL),(306,34,16,1,'2024-01-03','2024-01-03',NULL),(307,34,52,1,'2024-01-03','2024-01-03',NULL),(308,34,10,1,'2024-01-03','2024-01-03',NULL),(309,34,32,1,'2024-01-03','2024-01-03',NULL),(310,34,52,1,'2024-01-03','2024-01-03',NULL),(311,34,10,1,'2024-01-03','2024-01-03',NULL),(312,34,6,1,'2024-01-03','2024-01-03',NULL),(313,34,54,1,'2024-01-03','2024-01-03',NULL),(314,34,16,1,'2024-01-03','2024-01-03',NULL),(315,34,16,1,'2024-01-03','2024-01-03',NULL),(316,34,20,1,'2024-01-03','2024-01-03',NULL),(317,34,42,1,'2024-01-03','2024-01-03',NULL),(318,34,48,1,'2024-01-03','2024-01-03',NULL),(319,34,62,1,'2024-01-03','2024-01-03',NULL),(320,34,36,1,'2024-01-03','2024-01-03',NULL),(321,35,10,1,'2024-01-03','2024-01-03',NULL),(322,35,6,1,'2024-01-03','2024-01-03',NULL),(323,35,26,1,'2024-01-03','2024-01-03',NULL),(324,35,14,1,'2024-01-03','2024-01-03',NULL),(325,35,52,1,'2024-01-03','2024-01-03',NULL),(326,35,20,1,'2024-01-03','2024-01-03',NULL),(327,35,28,1,'2024-01-03','2024-01-03',NULL),(328,35,40,1,'2024-01-03','2024-01-03',NULL),(329,35,60,1,'2024-01-03','2024-01-03',NULL),(330,35,48,1,'2024-01-03','2024-01-03',NULL),(331,35,56,1,'2024-01-03','2024-01-03',NULL),(332,35,58,1,'2024-01-03','2024-01-03',NULL),(333,35,28,1,'2024-01-03','2024-01-03',NULL),(334,35,42,1,'2024-01-03','2024-01-03',NULL),(335,35,30,1,'2024-01-03','2024-01-03',NULL),(336,35,62,1,'2024-01-03','2024-01-03',NULL),(337,35,26,1,'2024-01-03','2024-01-03',NULL),(338,35,24,1,'2024-01-03','2024-01-03',NULL),(339,35,6,1,'2024-01-03','2024-01-03',NULL),(340,37,14,1,'2024-01-03','2024-01-03',NULL),(341,37,4,1,'2024-01-03','2024-01-03',NULL),(342,37,50,1,'2024-01-03','2024-01-03',NULL),(343,37,56,1,'2024-01-03','2024-01-03',NULL),(344,37,20,1,'2024-01-03','2024-01-03',NULL),(345,37,62,1,'2024-01-03','2024-01-03',NULL),(346,37,8,1,'2024-01-03','2024-01-03',NULL),(347,37,44,1,'2024-01-03','2024-01-03',NULL),(348,37,4,1,'2024-01-03','2024-01-03',NULL),(349,37,44,1,'2024-01-03','2024-01-03',NULL),(350,39,36,1,'2024-01-03','2024-01-03',NULL),(351,39,52,1,'2024-01-03','2024-01-03',NULL),(352,39,22,1,'2024-01-03','2024-01-03',NULL),(353,39,46,1,'2024-01-03','2024-01-03',NULL),(354,39,12,1,'2024-01-03','2024-01-03',NULL),(355,39,48,1,'2024-01-03','2024-01-03',NULL),(356,39,30,1,'2024-01-03','2024-01-03',NULL),(357,39,40,1,'2024-01-03','2024-01-03',NULL),(358,41,38,1,'2024-01-03','2024-01-03',NULL),(359,41,8,1,'2024-01-03','2024-01-03',NULL),(360,41,14,1,'2024-01-03','2024-01-03',NULL),(361,41,32,1,'2024-01-03','2024-01-03',NULL),(362,41,28,1,'2024-01-03','2024-01-03',NULL),(363,41,20,1,'2024-01-03','2024-01-03',NULL),(364,41,38,1,'2024-01-03','2024-01-03',NULL),(365,41,14,1,'2024-01-03','2024-01-03',NULL),(366,41,18,1,'2024-01-03','2024-01-03',NULL),(367,41,62,1,'2024-01-03','2024-01-03',NULL),(368,41,4,1,'2024-01-03','2024-01-03',NULL),(369,41,42,1,'2024-01-03','2024-01-03',NULL),(370,41,24,1,'2024-01-03','2024-01-03',NULL),(371,41,58,1,'2024-01-03','2024-01-03',NULL),(372,41,40,1,'2024-01-03','2024-01-03',NULL),(373,41,48,1,'2024-01-03','2024-01-03',NULL),(374,41,28,1,'2024-01-03','2024-01-03',NULL),(375,41,56,1,'2024-01-03','2024-01-03',NULL),(376,41,52,1,'2024-01-03','2024-01-03',NULL),(377,41,16,1,'2024-01-03','2024-01-03',NULL),(378,41,8,1,'2024-01-03','2024-01-03',NULL),(379,41,36,1,'2024-01-03','2024-01-03',NULL),(380,41,42,1,'2024-01-03','2024-01-03',NULL),(381,41,36,1,'2024-01-03','2024-01-03',NULL),(382,41,62,1,'2024-01-03','2024-01-03',NULL),(383,41,56,1,'2024-01-03','2024-01-03',NULL),(384,41,36,1,'2024-01-03','2024-01-03',NULL),(385,43,40,1,'2024-01-03','2024-01-03',NULL),(386,43,14,1,'2024-01-03','2024-01-03',NULL),(387,43,56,1,'2024-01-03','2024-01-03',NULL),(388,43,10,1,'2024-01-03','2024-01-03',NULL),(389,43,30,1,'2024-01-03','2024-01-03',NULL),(390,43,4,1,'2024-01-03','2024-01-03',NULL),(391,43,44,1,'2024-01-03','2024-01-03',NULL),(392,43,52,1,'2024-01-03','2024-01-03',NULL),(393,43,46,1,'2024-01-03','2024-01-03',NULL),(394,43,6,1,'2024-01-03','2024-01-03',NULL),(395,43,12,1,'2024-01-03','2024-01-03',NULL),(396,43,18,1,'2024-01-03','2024-01-03',NULL),(397,43,28,1,'2024-01-03','2024-01-03',NULL),(398,43,58,1,'2024-01-03','2024-01-03',NULL),(399,43,14,1,'2024-01-03','2024-01-03',NULL),(400,43,30,1,'2024-01-03','2024-01-03',NULL),(401,43,46,1,'2024-01-03','2024-01-03',NULL),(402,43,50,1,'2024-01-03','2024-01-03',NULL),(403,43,4,1,'2024-01-03','2024-01-03',NULL),(404,43,30,1,'2024-01-03','2024-01-03',NULL),(405,43,26,1,'2024-01-03','2024-01-03',NULL),(406,43,14,1,'2024-01-03','2024-01-03',NULL),(407,43,36,1,'2024-01-03','2024-01-03',NULL),(408,43,20,1,'2024-01-03','2024-01-03',NULL),(409,43,6,1,'2024-01-03','2024-01-03',NULL),(410,43,28,1,'2024-01-03','2024-01-03',NULL),(411,43,48,1,'2024-01-03','2024-01-03',NULL),(412,43,62,1,'2024-01-03','2024-01-03',NULL),(413,43,42,1,'2024-01-03','2024-01-03',NULL),(414,43,30,1,'2024-01-03','2024-01-03',NULL),(415,45,44,1,'2024-01-03','2024-01-03',NULL),(416,45,54,1,'2024-01-03','2024-01-03',NULL),(417,45,58,1,'2024-01-03','2024-01-03',NULL),(418,45,50,1,'2024-01-03','2024-01-03',NULL),(419,45,12,1,'2024-01-03','2024-01-03',NULL),(420,45,18,1,'2024-01-03','2024-01-03',NULL),(421,45,10,1,'2024-01-03','2024-01-03',NULL),(422,45,18,1,'2024-01-03','2024-01-03',NULL),(423,45,18,1,'2024-01-03','2024-01-03',NULL),(424,45,48,1,'2024-01-03','2024-01-03',NULL),(425,45,4,1,'2024-01-03','2024-01-03',NULL),(426,45,46,1,'2024-01-03','2024-01-03',NULL),(427,47,44,1,'2024-01-03','2024-01-03',NULL),(428,47,44,1,'2024-01-03','2024-01-03',NULL),(429,47,30,1,'2024-01-03','2024-01-03',NULL),(430,47,6,1,'2024-01-03','2024-01-03',NULL),(431,47,4,1,'2024-01-03','2024-01-03',NULL),(432,47,16,1,'2024-01-03','2024-01-03',NULL),(433,47,58,1,'2024-01-03','2024-01-03',NULL),(434,47,20,1,'2024-01-03','2024-01-03',NULL),(435,47,18,1,'2024-01-03','2024-01-03',NULL),(436,47,28,1,'2024-01-03','2024-01-03',NULL),(437,47,38,1,'2024-01-03','2024-01-03',NULL),(438,47,38,1,'2024-01-03','2024-01-03',NULL),(439,47,36,1,'2024-01-03','2024-01-03',NULL),(440,47,30,1,'2024-01-03','2024-01-03',NULL),(441,47,32,1,'2024-01-03','2024-01-03',NULL),(442,47,48,1,'2024-01-03','2024-01-03',NULL),(443,47,48,1,'2024-01-03','2024-01-03',NULL),(444,47,58,1,'2024-01-03','2024-01-03',NULL),(445,47,8,1,'2024-01-03','2024-01-03',NULL),(446,47,30,1,'2024-01-03','2024-01-03',NULL),(447,47,22,1,'2024-01-03','2024-01-03',NULL),(448,47,58,1,'2024-01-03','2024-01-03',NULL),(449,47,14,1,'2024-01-03','2024-01-03',NULL),(450,47,54,1,'2024-01-03','2024-01-03',NULL),(451,47,50,1,'2024-01-03','2024-01-03',NULL),(452,49,48,1,'2024-01-03','2024-01-03',NULL),(453,49,48,1,'2024-01-03','2024-01-03',NULL),(454,49,16,1,'2024-01-03','2024-01-03',NULL),(455,49,6,1,'2024-01-03','2024-01-03',NULL),(456,49,48,1,'2024-01-03','2024-01-03',NULL),(457,49,46,1,'2024-01-03','2024-01-03',NULL),(458,49,62,1,'2024-01-03','2024-01-03',NULL),(459,49,22,1,'2024-01-03','2024-01-03',NULL),(460,49,8,1,'2024-01-03','2024-01-03',NULL),(461,49,12,1,'2024-01-03','2024-01-03',NULL),(462,49,28,1,'2024-01-03','2024-01-03',NULL),(463,49,58,1,'2024-01-03','2024-01-03',NULL),(464,49,36,1,'2024-01-03','2024-01-03',NULL),(465,49,50,1,'2024-01-03','2024-01-03',NULL),(466,51,40,1,'2024-01-03','2024-01-03',NULL),(467,51,48,1,'2024-01-03','2024-01-03',NULL),(468,51,42,1,'2024-01-03','2024-01-03',NULL),(469,51,26,1,'2024-01-03','2024-01-03',NULL),(470,51,36,1,'2024-01-03','2024-01-03',NULL),(471,51,26,1,'2024-01-03','2024-01-03',NULL),(472,51,16,1,'2024-01-03','2024-01-03',NULL),(473,51,22,1,'2024-01-03','2024-01-03',NULL),(474,51,56,1,'2024-01-03','2024-01-03',NULL),(475,51,20,1,'2024-01-03','2024-01-03',NULL),(476,51,24,1,'2024-01-03','2024-01-03',NULL),(477,51,22,1,'2024-01-03','2024-01-03',NULL),(478,51,48,1,'2024-01-03','2024-01-03',NULL),(479,51,48,1,'2024-01-03','2024-01-03',NULL),(480,51,60,1,'2024-01-03','2024-01-03',NULL),(481,51,54,1,'2024-01-03','2024-01-03',NULL),(482,51,42,1,'2024-01-03','2024-01-03',NULL),(483,51,22,1,'2024-01-03','2024-01-03',NULL),(484,51,22,1,'2024-01-03','2024-01-03',NULL),(485,51,22,1,'2024-01-03','2024-01-03',NULL),(486,51,14,1,'2024-01-03','2024-01-03',NULL),(487,53,20,1,'2024-01-03','2024-01-03',NULL),(488,53,14,1,'2024-01-03','2024-01-03',NULL),(489,53,10,1,'2024-01-03','2024-01-03',NULL),(490,53,12,1,'2024-01-03','2024-01-03',NULL),(491,53,30,1,'2024-01-03','2024-01-03',NULL),(492,53,60,1,'2024-01-03','2024-01-03',NULL),(493,53,22,1,'2024-01-03','2024-01-03',NULL),(494,53,50,1,'2024-01-03','2024-01-03',NULL),(495,53,50,1,'2024-01-03','2024-01-03',NULL),(496,53,50,1,'2024-01-03','2024-01-03',NULL),(497,53,40,1,'2024-01-03','2024-01-03',NULL),(498,53,4,1,'2024-01-03','2024-01-03',NULL),(499,53,48,1,'2024-01-03','2024-01-03',NULL),(500,53,58,1,'2024-01-03','2024-01-03',NULL),(501,55,56,1,'2024-01-03','2024-01-03',NULL),(502,55,52,1,'2024-01-03','2024-01-03',NULL),(503,55,16,1,'2024-01-03','2024-01-03',NULL),(504,55,38,1,'2024-01-03','2024-01-03',NULL),(505,55,28,1,'2024-01-03','2024-01-03',NULL),(506,55,30,1,'2024-01-03','2024-01-03',NULL),(507,55,50,1,'2024-01-03','2024-01-03',NULL),(508,55,54,1,'2024-01-03','2024-01-03',NULL),(509,55,52,1,'2024-01-03','2024-01-03',NULL),(510,55,38,1,'2024-01-03','2024-01-03',NULL),(511,55,62,1,'2024-01-03','2024-01-03',NULL),(512,55,36,1,'2024-01-03','2024-01-03',NULL),(513,55,52,1,'2024-01-03','2024-01-03',NULL),(514,55,56,1,'2024-01-03','2024-01-03',NULL),(515,55,52,1,'2024-01-03','2024-01-03',NULL),(516,55,54,1,'2024-01-03','2024-01-03',NULL),(517,55,20,1,'2024-01-03','2024-01-03',NULL),(518,55,14,1,'2024-01-03','2024-01-03',NULL),(519,55,14,1,'2024-01-03','2024-01-03',NULL),(520,55,8,1,'2024-01-03','2024-01-03',NULL),(521,55,38,1,'2024-01-03','2024-01-03',NULL),(522,57,44,1,'2024-01-03','2024-01-03',NULL),(523,57,32,1,'2024-01-03','2024-01-03',NULL),(524,57,56,1,'2024-01-03','2024-01-03',NULL),(525,57,42,1,'2024-01-03','2024-01-03',NULL),(526,57,42,1,'2024-01-03','2024-01-03',NULL),(527,57,4,1,'2024-01-03','2024-01-03',NULL),(528,57,30,1,'2024-01-03','2024-01-03',NULL),(529,57,32,1,'2024-01-03','2024-01-03',NULL),(530,57,14,1,'2024-01-03','2024-01-03',NULL),(531,57,10,1,'2024-01-03','2024-01-03',NULL),(532,57,60,1,'2024-01-03','2024-01-03',NULL),(533,57,22,1,'2024-01-03','2024-01-03',NULL),(534,57,22,1,'2024-01-03','2024-01-03',NULL),(535,57,12,1,'2024-01-03','2024-01-03',NULL),(536,57,62,1,'2024-01-03','2024-01-03',NULL),(537,57,48,1,'2024-01-03','2024-01-03',NULL),(538,57,22,1,'2024-01-03','2024-01-03',NULL),(539,57,4,1,'2024-01-03','2024-01-03',NULL),(540,57,26,1,'2024-01-03','2024-01-03',NULL),(541,57,22,1,'2024-01-03','2024-01-03',NULL),(542,57,16,1,'2024-01-03','2024-01-03',NULL),(543,57,8,1,'2024-01-03','2024-01-03',NULL),(544,57,26,1,'2024-01-03','2024-01-03',NULL),(545,57,16,1,'2024-01-03','2024-01-03',NULL),(546,57,60,1,'2024-01-03','2024-01-03',NULL),(547,57,30,1,'2024-01-03','2024-01-03',NULL),(548,59,50,1,'2024-01-03','2024-01-03',NULL),(549,59,62,1,'2024-01-03','2024-01-03',NULL),(550,59,14,1,'2024-01-03','2024-01-03',NULL),(551,59,14,1,'2024-01-03','2024-01-03',NULL),(552,59,62,1,'2024-01-03','2024-01-03',NULL),(553,59,16,1,'2024-01-03','2024-01-03',NULL),(554,59,60,1,'2024-01-03','2024-01-03',NULL),(555,59,56,1,'2024-01-03','2024-01-03',NULL),(556,59,54,1,'2024-01-03','2024-01-03',NULL),(557,59,50,1,'2024-01-03','2024-01-03',NULL),(558,59,46,1,'2024-01-03','2024-01-03',NULL),(559,59,52,1,'2024-01-03','2024-01-03',NULL),(560,59,8,1,'2024-01-03','2024-01-03',NULL),(561,59,32,1,'2024-01-03','2024-01-03',NULL),(562,59,42,1,'2024-01-03','2024-01-03',NULL),(563,59,58,1,'2024-01-03','2024-01-03',NULL),(564,61,46,1,'2024-01-03','2024-01-03',NULL),(565,61,30,1,'2024-01-03','2024-01-03',NULL),(566,61,14,1,'2024-01-03','2024-01-03',NULL),(567,61,30,1,'2024-01-03','2024-01-03',NULL),(568,61,62,1,'2024-01-03','2024-01-03',NULL),(569,61,32,1,'2024-01-03','2024-01-03',NULL),(570,61,62,1,'2024-01-03','2024-01-03',NULL),(571,61,52,1,'2024-01-03','2024-01-03',NULL),(572,61,46,1,'2024-01-03','2024-01-03',NULL),(573,61,4,1,'2024-01-03','2024-01-03',NULL),(574,61,42,1,'2024-01-03','2024-01-03',NULL),(575,61,42,1,'2024-01-03','2024-01-03',NULL),(576,61,48,1,'2024-01-03','2024-01-03',NULL),(577,61,54,1,'2024-01-03','2024-01-03',NULL),(578,61,10,1,'2024-01-03','2024-01-03',NULL),(579,61,10,1,'2024-01-03','2024-01-03',NULL),(580,61,46,1,'2024-01-03','2024-01-03',NULL),(581,61,42,1,'2024-01-03','2024-01-03',NULL),(582,61,24,1,'2024-01-03','2024-01-03',NULL),(583,61,16,1,'2024-01-03','2024-01-03',NULL),(584,61,44,1,'2024-01-03','2024-01-03',NULL),(585,61,58,1,'2024-01-03','2024-01-03',NULL),(586,63,22,1,'2024-01-03','2024-01-03',NULL),(587,63,12,1,'2024-01-03','2024-01-03',NULL),(588,63,22,1,'2024-01-03','2024-01-03',NULL),(589,63,42,1,'2024-01-03','2024-01-03',NULL),(590,63,56,1,'2024-01-03','2024-01-03',NULL),(591,63,54,1,'2024-01-03','2024-01-03',NULL),(592,63,40,1,'2024-01-03','2024-01-03',NULL),(593,63,24,1,'2024-01-03','2024-01-03',NULL),(594,63,30,1,'2024-01-03','2024-01-03',NULL);
/*!40000 ALTER TABLE `assss_follow` ENABLE KEYS */;
UNLOCK TABLES;

--
-- Table structure for table `assss_house`
--

DROP TABLE IF EXISTS `assss_house`;
/*!40101 SET @saved_cs_client     = @@character_set_client */;
/*!50503 SET character_set_client = utf8mb4 */;
CREATE TABLE `assss_house` (
  `id` bigint NOT NULL AUTO_INCREMENT,
  `address` varchar(100) COLLATE utf8mb4_unicode_ci NOT NULL,
  `acreage` double NOT NULL,
  `price` double NOT NULL,
  `quantity` double NOT NULL,
  `active` tinyint(1) NOT NULL,
  `created_date` date DEFAULT NULL,
  `updated_date` date DEFAULT NULL,
  `deleted_date` datetime(6) DEFAULT NULL,
  PRIMARY KEY (`id`)
) ENGINE=InnoDB AUTO_INCREMENT=60 DEFAULT CHARSET=utf8mb4 COLLATE=utf8mb4_unicode_ci;
/*!40101 SET character_set_client = @saved_cs_client */;

--
-- Dumping data for table `assss_house`
--

LOCK TABLES `assss_house` WRITE;
/*!40000 ALTER TABLE `assss_house` DISABLE KEYS */;
INSERT INTO `assss_house` VALUES (1,'Go Vap',16,1200000,2,1,'2024-01-03','2024-01-03',NULL),(2,'Quan 7',18,1500000,3,1,'2024-01-03','2024-01-03',NULL),(3,'Quan Go Vap',40,1800000,1,1,'2024-01-03','2024-01-03',NULL),(4,'Quan 7',16,5000000,3,1,'2024-01-03','2024-01-03',NULL),(5,'Quan 5',30,1400000,2,1,'2024-01-03','2024-01-03',NULL),(6,'Quan 6',25,35000000,3,1,'2024-01-03','2024-01-03',NULL),(7,'Quan Go Vap',25,3000000,4,1,'2024-01-03','2024-01-03',NULL),(8,'Quan 4',30,1200000,4,1,'2024-01-03','2024-01-03',NULL),(9,'Quan Go Vap',12,5000000,3,1,'2024-01-03','2024-01-03',NULL),(10,'Quan 5',40,1500000,4,1,'2024-01-03','2024-01-03',NULL),(11,'Quan Go Vap',32,1200000,3,1,'2024-01-03','2024-01-03',NULL),(12,'Quan 6',30,1400000,2,1,'2024-01-03','2024-01-03',NULL),(13,'Quan Binh Thanh',16,5000000,3,1,'2024-01-03','2024-01-03',NULL),(14,'Quan 5',25,1500000,2,1,'2024-01-03','2024-01-03',NULL),(15,'Quan 5',40,3000000,4,1,'2024-01-03','2024-01-03',NULL),(16,'Quan Binh Thanh',30,1500000,4,1,'2024-01-03','2024-01-03',NULL),(17,'Quan 7',32,1500000,3,1,'2024-01-03','2024-01-03',NULL),(18,'Quan 7',13,1500000,3,1,'2024-01-03','2024-01-03',NULL),(19,'Quan Binh Thanh',13,1800000,3,1,'2024-01-03','2024-01-03',NULL),(20,'Quan 4',30,1400000,4,1,'2024-01-03','2024-01-03',NULL),(21,'Quan 4',16,21000000,4,1,'2024-01-03','2024-01-03',NULL),(22,'Quan 5',32,1200000,1,1,'2024-01-03','2024-01-03',NULL),(23,' Địa chỉ của ngôi nhà',12,1500000,1,1,'2024-01-08','2024-01-08',NULL),(24,' Địa chỉ của ngôi nhà',12,1500000,1,1,'2024-01-08','2024-01-08',NULL),(25,' Địa chỉ của ngôi nhà',12,1500000,1,1,'2024-01-08','2024-01-08',NULL),(26,' Địa chỉ của ngôi nhà',12,1500000,1,1,'2024-01-08','2024-01-08',NULL),(27,' Địa chỉ của ngôi nhà',12,1500000,1,1,'2024-01-08','2024-01-08',NULL),(28,' Địa chỉ của ngôi nhà',12,1500000,1,1,'2024-01-08','2024-01-08',NULL),(29,' Địa chỉ của ngôi nhà',12,1500000,1,1,'2024-01-08','2024-01-08',NULL),(30,' Địa chỉ của ngôi nhà',12,1500000,1,1,'2024-01-08','2024-01-08',NULL),(31,' Địa chỉ của ngôi nhà',12,1500000,1,1,'2024-01-08','2024-01-08',NULL),(32,' Địa chỉ của ngôi nhà',12,1500000,1,1,'2024-01-09','2024-01-09',NULL),(33,'Thành phố hồ chí minh',35,120000000,1,1,'2024-01-10','2024-01-10',NULL),(34,'Tp ho chi minh',122,51626,1,1,'2024-01-10','2024-01-10',NULL),(35,'Tp ho chi minh',122,51626,1,1,'2024-01-10','2024-01-10',NULL),(36,'Pshe ',1,1200000,12,1,'2024-01-10','2024-01-10',NULL),(37,'Pshe ',1,1200000,12,1,'2024-01-10','2024-01-10',NULL),(38,'Pshe ',1,1200000,12,1,'2024-01-10','2024-01-10',NULL),(39,'Pshe ',1,1200000,12,1,'2024-01-10','2024-01-10',NULL),(40,'Pshe ',1,1200000,12,1,'2024-01-10','2024-01-10',NULL),(41,'Pshe ',1,1200000,12,1,'2024-01-10','2024-01-10',NULL),(42,'Pshe ',1,1200000,12,1,'2024-01-10','2024-01-10',NULL),(43,'Pshe ',1,1200000,12,1,'2024-01-10','2024-01-10',NULL),(44,'2',3,100,1,1,'2024-01-10','2024-01-10',NULL),(45,'2',3,100,1,1,'2024-01-10','2024-01-10',NULL),(46,'2',3,100,1,1,'2024-01-10','2024-01-10',NULL),(47,'2',3,100,1,1,'2024-01-10','2024-01-10',NULL),(48,'2',3,100,1,1,'2024-01-10','2024-01-10',NULL),(49,'2',3,100,1,1,'2024-01-10','2024-01-10',NULL),(50,'2',3,100,1,1,'2024-01-10','2024-01-10',NULL),(51,'3',4,5,3,1,'2024-01-10','2024-01-10',NULL),(52,'3',4,5,3,1,'2024-01-10','2024-01-10',NULL),(53,'3',4,5,3,1,'2024-01-10','2024-01-10',NULL),(54,'3',4,5,3,1,'2024-01-10','2024-01-10',NULL),(55,'Sbsb',12,2334,2,1,'2024-01-11','2024-01-11',NULL),(56,'Sbsb',12,2334,2,1,'2024-01-11','2024-01-11',NULL),(57,'66',67,66,12,1,'2024-01-11','2024-01-11',NULL),(58,'66',67,66,12,1,'2024-01-11','2024-01-11',NULL),(59,'66',67,66,12,1,'2024-01-11','2024-01-11',NULL);
/*!40000 ALTER TABLE `assss_house` ENABLE KEYS */;
UNLOCK TABLES;

--
-- Table structure for table `assss_image`
--

DROP TABLE IF EXISTS `assss_image`;
/*!40101 SET @saved_cs_client     = @@character_set_client */;
/*!50503 SET character_set_client = utf8mb4 */;
CREATE TABLE `assss_image` (
  `id` bigint NOT NULL AUTO_INCREMENT,
  `imageURL` varchar(255) CHARACTER SET utf8mb3 COLLATE utf8mb3_general_ci DEFAULT NULL,
  `house_id` bigint NOT NULL,
  `active` tinyint(1) NOT NULL,
  `created_date` date DEFAULT NULL,
  `updated_date` date DEFAULT NULL,
  `deleted_date` datetime(6) DEFAULT NULL,
  PRIMARY KEY (`id`),
  KEY `ASSSs_image_house_id_4b7ce815_fk_ASSSs_house_id` (`house_id`),
  CONSTRAINT `ASSSs_image_house_id_4b7ce815_fk_ASSSs_house_id` FOREIGN KEY (`house_id`) REFERENCES `assss_house` (`id`)
) ENGINE=InnoDB AUTO_INCREMENT=51 DEFAULT CHARSET=utf8mb4 COLLATE=utf8mb4_unicode_ci;
/*!40101 SET character_set_client = @saved_cs_client */;

--
-- Dumping data for table `assss_image`
--

LOCK TABLES `assss_image` WRITE;
/*!40000 ALTER TABLE `assss_image` DISABLE KEYS */;
INSERT INTO `assss_image` VALUES (1,'image/upload/v1704365894/ASSS-house/tg7vhx1nmohank8pyz74.jpg',1,1,'2024-01-04','2024-01-04',NULL),(2,'image/upload/v1704388949/ASSS-house/nnclubfvd6znlhqm2w9d.jpg',1,1,'2024-01-05','2024-01-05',NULL),(3,'image/upload/v1704388967/ASSS-house/enlf29ul9poh14xentlz.jpg',2,1,'2024-01-05','2024-01-05',NULL),(4,'image/upload/v1704391823/ASSS-house/szxonh77pvmo3ieubowf.jpg',21,1,'2024-01-05','2024-01-05',NULL),(5,'image/upload/v1704391828/ASSS-house/ju1tallyxiwgtdijopse.jpg',5,1,'2024-01-05','2024-01-05',NULL),(6,'image/upload/v1704704400/ASSS-house/xjvs1iv7zzlbtpw0qeop.png',24,1,'2024-01-08','2024-01-08',NULL),(7,'image/upload/v1704704401/ASSS-house/zbdmjcldiw5c1mfuvzjy.png',24,1,'2024-01-08','2024-01-08',NULL),(8,'image/upload/v1704704635/ASSS-house/q7zdqnhhojmty3oaagub.png',25,1,'2024-01-08','2024-01-08',NULL),(9,'image/upload/v1704704636/ASSS-house/muurspgk2fvxhvgxbe49.png',25,1,'2024-01-08','2024-01-08',NULL),(10,'image/upload/v1704704701/ASSS-house/zyofis7hrkmjdp5rhp8c.png',26,1,'2024-01-08','2024-01-08',NULL),(11,'image/upload/v1704704702/ASSS-house/uwzxpq5reyjddbel8lfr.png',26,1,'2024-01-08','2024-01-08',NULL),(12,'image/upload/v1704704757/ASSS-house/zdzmh7tnbyhzenrsv8yo.png',27,1,'2024-01-08','2024-01-08',NULL),(13,'image/upload/v1704704758/ASSS-house/izmzm9s5qtunj99rqonm.png',27,1,'2024-01-08','2024-01-08',NULL),(14,'image/upload/v1704704785/ASSS-house/tgqsjzsxjqgqtcafbjx4.png',28,1,'2024-01-08','2024-01-08',NULL),(15,'image/upload/v1704704786/ASSS-house/lkrbq6x8afc4mhtwhjk5.png',28,1,'2024-01-08','2024-01-08',NULL),(16,'image/upload/v1704704858/ASSS-house/hgspiddfdshg01awe1l3.png',29,1,'2024-01-08','2024-01-08',NULL),(17,'image/upload/v1704704860/ASSS-house/hzcgbbzxfyeheiim2c9z.png',29,1,'2024-01-08','2024-01-08',NULL),(18,'image/upload/v1704704970/ASSS-house/dlfqbccwme3cfsp9fm6m.png',30,1,'2024-01-08','2024-01-08',NULL),(19,'image/upload/v1704704973/ASSS-house/udfocwczugddbkyg7em0.png',30,1,'2024-01-08','2024-01-08',NULL),(20,'image/upload/v1704705001/ASSS-house/lvrkkt2ogzisdwzfeqv7.png',31,1,'2024-01-08','2024-01-08',NULL),(21,'image/upload/v1704705003/ASSS-house/plj2zpy5ykwawl62epyr.png',31,1,'2024-01-08','2024-01-08',NULL),(22,'image/upload/v1704797769/ASSS-house/bbjcidako5bybguhnsmr.png',32,1,'2024-01-09','2024-01-09',NULL),(23,'image/upload/v1704797770/ASSS-house/yt1xfytkmf0utyledk90.png',32,1,'2024-01-09','2024-01-09',NULL),(24,'image/upload/v1704875308/ASSS-house/sww2wzkcsijr6hgm4iup.jpg',33,1,'2024-01-10','2024-01-10',NULL),(25,'image/upload/v1704882720/ASSS-house/dpfrjaffrjoc18kokrh0.jpg',34,1,'2024-01-10','2024-01-10',NULL),(26,'image/upload/v1704882755/ASSS-house/j26cqghxjnn6k6vn6tse.jpg',35,1,'2024-01-10','2024-01-10',NULL),(27,'image/upload/v1704882894/ASSS-house/hhnbufpbnqtfwsip1ler.jpg',36,1,'2024-01-10','2024-01-10',NULL),(28,'image/upload/v1704882925/ASSS-house/sz8qoohl3ral1nosbkuf.jpg',37,1,'2024-01-10','2024-01-10',NULL),(29,'image/upload/v1704882982/ASSS-house/yx6fcqzhdjnnkced4eoa.jpg',38,1,'2024-01-10','2024-01-10',NULL),(30,'image/upload/v1704883006/ASSS-house/up6gluqp2zywrij8w9jw.jpg',39,1,'2024-01-10','2024-01-10',NULL),(31,'image/upload/v1704883032/ASSS-house/aieltiprhjl8kzf7zkgw.jpg',40,1,'2024-01-10','2024-01-10',NULL),(32,'image/upload/v1704883111/ASSS-house/syg19r1coffmztk4be1t.jpg',41,1,'2024-01-10','2024-01-10',NULL),(33,'image/upload/v1704883166/ASSS-house/lqtgvrh7s5c4x5x9nfaz.jpg',42,1,'2024-01-10','2024-01-10',NULL),(34,'image/upload/v1704883217/ASSS-house/nbhjw9ylg5zckicvwrge.jpg',43,1,'2024-01-10','2024-01-10',NULL),(35,'image/upload/v1704885100/ASSS-house/gfzxn9bau7qbp3wxhmlh.jpg',44,1,'2024-01-10','2024-01-10',NULL),(36,'image/upload/v1704885262/ASSS-house/jtdkkai3gihqlfkrht9k.jpg',45,1,'2024-01-10','2024-01-10',NULL),(37,'image/upload/v1704885315/ASSS-house/tftgjgtixsf2nrihkkwz.jpg',46,1,'2024-01-10','2024-01-10',NULL),(38,'image/upload/v1704885399/ASSS-house/uuxyjewmvggy87jhbtfh.jpg',47,1,'2024-01-10','2024-01-10',NULL),(39,'image/upload/v1704885442/ASSS-house/kwwbtleh6measn17wacv.jpg',48,1,'2024-01-10','2024-01-10',NULL),(40,'image/upload/v1704885529/ASSS-house/xvfsc4vewwtnj4jaj1tq.jpg',49,1,'2024-01-10','2024-01-10',NULL),(41,'image/upload/v1704885593/ASSS-house/tkmqm86vi7sb1rd8dpjp.jpg',50,1,'2024-01-10','2024-01-10',NULL),(42,'image/upload/v1704885655/ASSS-house/wv35k8qvwkpqp3uwfabi.jpg',51,1,'2024-01-10','2024-01-10',NULL),(43,'image/upload/v1704885728/ASSS-house/udbvxsb4p9etonlwbfeb.jpg',52,1,'2024-01-10','2024-01-10',NULL),(44,'image/upload/v1704885778/ASSS-house/hdjqyhnjn86dhabvtgmz.jpg',53,1,'2024-01-10','2024-01-10',NULL),(45,'image/upload/v1704885795/ASSS-house/ochk6b4y59qit42gljf5.jpg',54,1,'2024-01-10','2024-01-10',NULL),(46,'image/upload/v1704950680/ASSS-house/e6haemffvcpi0j20s3xr.jpg',55,1,'2024-01-11','2024-01-11',NULL),(47,'image/upload/v1704950688/ASSS-house/w2u1m6udvubuaezk2gpo.jpg',56,1,'2024-01-11','2024-01-11',NULL),(48,'image/upload/v1704952066/ASSS-house/pehmdezglf0jshwt5i2r.jpg',57,1,'2024-01-11','2024-01-11',NULL),(49,'image/upload/v1704952136/ASSS-house/dmwnonf0irm18juexqqb.jpg',58,1,'2024-01-11','2024-01-11',NULL),(50,'image/upload/v1704952168/ASSS-house/wsrpsv5gjw4fk7hfbgub.jpg',59,1,'2024-01-11','2024-01-11',NULL);
/*!40000 ALTER TABLE `assss_image` ENABLE KEYS */;
UNLOCK TABLES;

--
-- Table structure for table `assss_like`
--

DROP TABLE IF EXISTS `assss_like`;
/*!40101 SET @saved_cs_client     = @@character_set_client */;
/*!50503 SET character_set_client = utf8mb4 */;
CREATE TABLE `assss_like` (
  `id` bigint NOT NULL AUTO_INCREMENT,
  `created_date` date DEFAULT NULL,
  `updated_date` date DEFAULT NULL,
  `deleted_date` datetime(6) DEFAULT NULL,
  `active` tinyint(1) NOT NULL,
  `status` tinyint(1) NOT NULL,
  `post_id` bigint NOT NULL,
  `user_id` bigint NOT NULL,
  PRIMARY KEY (`id`),
  UNIQUE KEY `ASSSs_like_user_id_post_id_37a86b86_uniq` (`user_id`,`post_id`),
  KEY `ASSSs_like_post_id_56edc048_fk_ASSSs_post_id` (`post_id`),
  CONSTRAINT `ASSSs_like_post_id_56edc048_fk_ASSSs_post_id` FOREIGN KEY (`post_id`) REFERENCES `assss_post` (`id`),
  CONSTRAINT `ASSSs_like_user_id_f2bb8d94_fk_ASSSs_user_id` FOREIGN KEY (`user_id`) REFERENCES `assss_user` (`id`)
) ENGINE=InnoDB AUTO_INCREMENT=15 DEFAULT CHARSET=utf8mb4 COLLATE=utf8mb4_unicode_ci;
/*!40101 SET character_set_client = @saved_cs_client */;

--
-- Dumping data for table `assss_like`
--

LOCK TABLES `assss_like` WRITE;
/*!40000 ALTER TABLE `assss_like` DISABLE KEYS */;
INSERT INTO `assss_like` VALUES (1,'2024-01-09','2024-01-09',NULL,1,1,2,1),(2,'2024-01-09','2024-01-09',NULL,0,1,2,5),(3,'2024-01-09','2024-01-09','2024-01-09 09:24:48.054000',1,1,6,10),(4,'2024-01-09','2024-01-09',NULL,0,0,2,6),(6,'2024-01-09','2024-01-09',NULL,1,1,2,9),(10,'2024-01-09','2024-01-09',NULL,1,1,2,7),(11,NULL,NULL,NULL,1,1,88,5),(12,NULL,NULL,NULL,1,1,88,6),(13,NULL,NULL,NULL,1,1,88,7),(14,NULL,NULL,NULL,1,1,87,5);
/*!40000 ALTER TABLE `assss_like` ENABLE KEYS */;
UNLOCK TABLES;

--
-- Table structure for table `assss_notice`
--

DROP TABLE IF EXISTS `assss_notice`;
/*!40101 SET @saved_cs_client     = @@character_set_client */;
/*!50503 SET character_set_client = utf8mb4 */;
CREATE TABLE `assss_notice` (
  `id` bigint NOT NULL AUTO_INCREMENT,
  `created_date` date DEFAULT NULL,
  `updated_date` date DEFAULT NULL,
  `deleted_date` datetime(6) DEFAULT NULL,
  `active` tinyint(1) NOT NULL,
  `post_id` bigint NOT NULL,
  `user_id` bigint NOT NULL,
  `status` tinyint(1) NOT NULL,
  PRIMARY KEY (`id`),
  UNIQUE KEY `ASSSs_notice_user_id_post_id_daab121c_uniq` (`user_id`,`post_id`),
  KEY `ASSSs_notice_post_id_ffce518c_fk_ASSSs_post_id` (`post_id`),
  CONSTRAINT `ASSSs_notice_post_id_ffce518c_fk_ASSSs_post_id` FOREIGN KEY (`post_id`) REFERENCES `assss_post` (`id`),
  CONSTRAINT `ASSSs_notice_user_id_706b0dec_fk_ASSSs_user_id` FOREIGN KEY (`user_id`) REFERENCES `assss_user` (`id`)
) ENGINE=InnoDB AUTO_INCREMENT=31 DEFAULT CHARSET=utf8mb4 COLLATE=utf8mb4_unicode_ci;
/*!40101 SET character_set_client = @saved_cs_client */;

--
-- Dumping data for table `assss_notice`
--

LOCK TABLES `assss_notice` WRITE;
/*!40000 ALTER TABLE `assss_notice` DISABLE KEYS */;
INSERT INTO `assss_notice` VALUES (26,'2024-01-16','2024-01-16',NULL,1,4,50,0),(27,'2024-01-16','2024-01-16',NULL,1,4,24,0),(28,'2024-01-16','2024-01-16',NULL,1,4,8,0),(29,'2024-01-16','2024-01-17',NULL,1,4,30,1);
/*!40000 ALTER TABLE `assss_notice` ENABLE KEYS */;
UNLOCK TABLES;

--
-- Table structure for table `assss_payment`
--

DROP TABLE IF EXISTS `assss_payment`;
/*!40101 SET @saved_cs_client     = @@character_set_client */;
/*!50503 SET character_set_client = utf8mb4 */;
CREATE TABLE `assss_payment` (
  `id` bigint NOT NULL AUTO_INCREMENT,
  `created_date` date DEFAULT NULL,
  `updated_date` date DEFAULT NULL,
  `deleted_date` datetime(6) DEFAULT NULL,
  `active` tinyint(1) NOT NULL,
  `total` double NOT NULL,
  `booking_id` bigint NOT NULL,
  `typepayment_id` bigint DEFAULT NULL,
  PRIMARY KEY (`id`),
  KEY `ASSSs_payment_booking_id_9c6e2caf_fk_ASSSs_booking_id` (`booking_id`),
  KEY `ASSSs_payment_typepayment_id_834cec58_fk_ASSSs_typepayment_id` (`typepayment_id`),
  CONSTRAINT `ASSSs_payment_booking_id_9c6e2caf_fk_ASSSs_booking_id` FOREIGN KEY (`booking_id`) REFERENCES `assss_booking` (`id`),
  CONSTRAINT `ASSSs_payment_typepayment_id_834cec58_fk_ASSSs_typepayment_id` FOREIGN KEY (`typepayment_id`) REFERENCES `assss_typepayment` (`id`)
) ENGINE=InnoDB AUTO_INCREMENT=18 DEFAULT CHARSET=utf8mb4 COLLATE=utf8mb4_unicode_ci;
/*!40101 SET character_set_client = @saved_cs_client */;

--
-- Dumping data for table `assss_payment`
--

LOCK TABLES `assss_payment` WRITE;
/*!40000 ALTER TABLE `assss_payment` DISABLE KEYS */;
INSERT INTO `assss_payment` VALUES (1,'2024-01-04','2024-01-04',NULL,1,1900000,7,1),(2,'2024-01-04','2024-01-04',NULL,1,5100000,15,1),(3,'2024-01-04','2024-01-04',NULL,1,1900000,5,3),(4,'2024-01-04','2024-01-04',NULL,1,1900000,5,2),(5,'2024-01-04','2024-01-04',NULL,1,1500000,19,1),(6,'2024-01-04','2024-01-04',NULL,1,5100000,15,3),(7,'2024-01-04','2024-01-04',NULL,1,1900000,7,2),(8,'2024-01-04','2024-01-04',NULL,1,5100000,15,1),(9,'2024-01-04','2024-01-04',NULL,1,3100000,11,3),(10,'2024-01-04','2024-01-04',NULL,1,1500000,19,3),(11,'2024-01-04','2024-01-04',NULL,1,1900000,25,1),(12,'2024-01-04','2024-01-04',NULL,1,1900000,24,3),(13,'2024-01-04','2024-01-04',NULL,1,1900000,23,2),(14,'2024-01-04','2024-01-04',NULL,1,1900000,22,3),(15,'2024-01-04','2024-01-04',NULL,1,1900000,23,3),(16,'2024-01-04','2024-01-04',NULL,1,1900000,23,1),(17,'2024-01-04','2024-01-04',NULL,1,1900000,23,1);
/*!40000 ALTER TABLE `assss_payment` ENABLE KEYS */;
UNLOCK TABLES;

--
-- Table structure for table `assss_post`
--

DROP TABLE IF EXISTS `assss_post`;
/*!40101 SET @saved_cs_client     = @@character_set_client */;
/*!50503 SET character_set_client = utf8mb4 */;
CREATE TABLE `assss_post` (
  `id` bigint NOT NULL AUTO_INCREMENT,
  `topic` varchar(100) COLLATE utf8mb4_unicode_ci NOT NULL,
  `describe` varchar(1000) COLLATE utf8mb4_unicode_ci NOT NULL,
  `postingdate` datetime(6) DEFAULT NULL,
  `expirationdate` datetime(6) DEFAULT NULL,
  `status` int NOT NULL,
  `discount_id` bigint NOT NULL,
  `house_id` bigint NOT NULL,
  `postingprice` int NOT NULL,
  `user_id` bigint NOT NULL,
  `active` tinyint(1) NOT NULL,
  `created_date` date DEFAULT NULL,
  `updated_date` date DEFAULT NULL,
  `deleted_date` datetime(6) DEFAULT NULL,
  PRIMARY KEY (`id`),
  KEY `ASSSs_post_discount_id_87584ff6_fk_ASSSs_discount_id` (`discount_id`),
  KEY `ASSSs_post_house_id_8bc55cb5_fk_ASSSs_house_id` (`house_id`),
  KEY `ASSSs_post_user_id_97763d14_fk_ASSSs_user_id` (`user_id`),
  CONSTRAINT `ASSSs_post_discount_id_87584ff6_fk_ASSSs_discount_id` FOREIGN KEY (`discount_id`) REFERENCES `assss_discount` (`id`),
  CONSTRAINT `ASSSs_post_house_id_8bc55cb5_fk_ASSSs_house_id` FOREIGN KEY (`house_id`) REFERENCES `assss_house` (`id`),
  CONSTRAINT `ASSSs_post_user_id_97763d14_fk_ASSSs_user_id` FOREIGN KEY (`user_id`) REFERENCES `assss_user` (`id`)
) ENGINE=InnoDB AUTO_INCREMENT=104 DEFAULT CHARSET=utf8mb4 COLLATE=utf8mb4_unicode_ci;
/*!40101 SET character_set_client = @saved_cs_client */;

--
-- Dumping data for table `assss_post`
--

LOCK TABLES `assss_post` WRITE;
/*!40000 ALTER TABLE `assss_post` DISABLE KEYS */;
INSERT INTO `assss_post` VALUES (1,'Nha Tro Go Vap','nha tro vo cung tien nghi, gan truong dai hoc','2024-01-03 00:00:00.000000','2024-02-03 00:00:00.000000',1,1,1,1,9,1,'2024-01-03','2024-01-03',NULL),(2,'Nha Tro Quan 7','nha tro vo cung tien nghi, gan truong dai hoc','2024-01-03 00:00:00.000000','2024-02-03 00:00:00.000000',1,1,1,1,11,1,'2024-01-03','2024-01-03',NULL),(3,'Nha Tro Go Vap','nha tro vo cung tien nghi, gan truong dai hoc','2024-01-03 00:00:00.000000','2024-02-03 00:00:00.000000',1,2,1,1,9,1,'2024-01-03','2024-01-03',NULL),(4,'Nha Tro Go Vap','nha tro vo cung tien nghi, gan truong dai hoc','2024-01-03 00:00:00.000000','2024-02-03 00:00:00.000000',1,2,1,1,13,1,'2024-01-03','2024-01-03',NULL),(5,'Nha Tro Go Vap','nha tro vo cung tien nghi, gan truong dai hoc','2024-01-03 00:00:00.000000','2024-02-03 00:00:00.000000',1,2,1,1,17,0,'2024-01-03','2024-01-03','2024-01-03 16:01:12.436926'),(6,'Nha Tro Quan 5','Nha tro co cho nuoi dong vat, co ham giu xe, an ninh','2023-12-19 15:57:15.326001','2023-12-20 15:57:15.326001',1,1,10,1,21,0,'2024-01-03','2024-01-03','2024-01-03 16:01:15.659245'),(7,'Nha Tro Quan 6','Nha tro rong rai, co gac, co cho nau an va noi that day du chi can don vao o','2023-12-24 15:57:52.384438','2023-12-31 15:57:52.384438',1,1,6,1,25,0,'2024-01-03','2024-01-03','2024-01-03 16:01:18.869260'),(8,'Nha Tro Quan 4','Hha tro rong rai, co bang cong, wifi mien phi','2023-12-28 15:57:52.434126','2023-12-30 15:57:52.434126',1,1,20,1,7,0,'2024-01-03','2024-01-03','2024-01-03 16:01:21.863416'),(9,'Nha Tro Quan Go Vap','Nha tro gan cho, gan cac truong dai goc va san bay','2023-12-30 15:57:52.446708','2024-01-06 15:57:52.446708',0,1,11,1,19,1,'2024-01-03','2024-01-03',NULL),(10,'Nha Tro Quan Binh Thanh','Nha tro co cho nuoi dong vat, co ham giu xe, an ninh','2023-12-25 15:57:52.460262','2023-12-28 15:57:52.460262',0,1,13,1,34,1,'2024-01-03','2024-01-03',NULL),(11,'Nha Tro Quan 6','Hha tro rong rai, co bang cong, wifi mien phi','2023-12-06 15:57:52.474395','2023-12-10 15:57:52.474395',0,1,6,1,37,1,'2024-01-03','2024-01-03',NULL),(12,'Nha Tro Quan Binh Thanh','Nha tro rong rai, co gac, co cho nau an va noi that day du chi can don vao o','2023-12-31 15:57:52.487219','2024-01-01 15:57:52.487219',1,1,19,1,31,1,'2024-01-03','2024-01-03',NULL),(13,'Nha Tro Quan 7','Hha tro rong rai, co bang cong, wifi mien phi','2023-12-30 15:57:52.501719','2024-01-02 15:57:52.501719',1,1,18,1,21,1,'2024-01-03','2024-01-03',NULL),(14,'Nha Tro Quan Go Vap','Nha tro rong rai, co gac, co cho nau an va noi that day du chi can don vao o','2024-01-01 15:57:52.514395','2024-01-08 15:57:52.514395',0,1,9,1,37,1,'2023-01-03','2024-01-03',NULL),(15,'Nha Tro Quan Go Vap','Nha tro co cho nuoi dong vat, co ham giu xe, an ninh','2023-12-08 15:57:52.527868','2023-12-10 15:57:52.527868',0,1,9,1,39,1,'2023-01-03','2024-01-03',NULL),(16,'Nha Tro Quan Binh Thanh','Hha tro rong rai, co bang cong, wifi mien phi','2023-12-08 15:57:52.543855','2023-12-14 15:57:52.543855',0,1,13,1,5,1,'2023-01-03','2024-01-03',NULL),(17,'Nha Tro Quan 4','Nha tro rong rai, co gac, co cho nau an va noi that day du chi can don vao o','2023-12-12 15:57:52.557131','2023-12-15 15:57:52.557131',0,1,8,1,5,1,'2023-01-03','2024-01-03',NULL),(18,'Nha Tro Quan Binh Thanh','Nha tro gan cho, gan cac truong dai goc va san bay','2023-12-20 15:57:52.570184','2023-12-24 15:57:52.570184',0,1,13,1,35,1,'2023-01-03','2024-01-03',NULL),(19,'Nha Tro Quan 6','Nha tro gan cho, gan cac truong dai goc va san bay','2023-12-21 15:57:52.584449','2023-12-23 15:57:52.584449',1,1,6,1,27,1,'2023-01-03','2024-01-03',NULL),(20,'Nha Tro Quan 7','Hha tro rong rai, co bang cong, wifi mien phi','2023-12-14 15:57:52.596930','2023-12-16 15:57:52.596930',1,1,18,1,45,0,'2023-01-03','2024-01-03','2024-01-03 16:01:41.141410'),(21,'Nha Tro Quan Binh Thanh','Nha tro gan cho, gan cac truong dai goc va san bay','2023-12-20 15:57:52.611499','2023-12-27 15:57:52.611499',0,1,13,1,37,1,'2024-01-03','2024-01-03',NULL),(22,'Nha Tro Quan 6','Hha tro rong rai, co bang cong, wifi mien phi','2023-12-31 15:57:52.625793','2024-01-02 15:57:52.625793',0,1,12,1,39,1,'2024-01-03','2024-01-03',NULL),(23,'Nha Tro Quan Binh Thanh','Nha tro gan cho, gan cac truong dai goc va san bay','2023-12-18 15:57:52.638205','2023-12-24 15:57:52.638205',0,1,16,1,29,1,'2024-01-03','2024-01-03',NULL),(24,'Nha Tro Quan 6','Nha tro co cho nuoi dong vat, co ham giu xe, an ninh','2023-12-22 15:57:52.653165','2023-12-26 15:57:52.653165',0,1,6,1,57,1,'2024-01-03','2024-01-03',NULL),(25,'Nha Tro Quan Binh Thanh','Nha tro co cho nuoi dong vat, co ham giu xe, an ninh','2023-12-21 15:57:52.668305','2023-12-27 15:57:52.668305',0,1,16,1,61,1,'2024-01-03','2024-01-03',NULL),(26,'Nha Tro Quan 5','Nha tro co cho nuoi dong vat, co ham giu xe, an ninh','2023-12-28 15:57:52.681211','2023-12-29 15:57:52.681211',1,1,5,1,21,1,'2024-01-03','2024-01-03',NULL),(27,'Nha Tro Quan 7','Nha tro co cho nuoi dong vat, co ham giu xe, an ninh','2023-12-19 15:58:49.742344','2023-12-22 15:58:49.742344',1,1,17,1,47,1,'2024-01-03','2024-01-03',NULL),(28,'Nha Tro Quan 5','Nha tro gan cho, gan cac truong dai goc va san bay','2023-12-12 15:58:49.794065','2023-12-13 15:58:49.794065',1,1,15,1,59,1,'2024-01-03','2024-01-03',NULL),(29,'Nha Tro Quan 6','Hha tro rong rai, co bang cong, wifi mien phi','2023-12-31 15:58:49.807739','2024-01-07 15:58:49.807739',0,1,12,1,34,1,'2024-01-03','2024-01-03',NULL),(30,'Nha Tro Quan 7','Hha tro rong rai, co bang cong, wifi mien phi','2023-12-20 15:58:49.822635','2023-12-27 15:58:49.822635',0,1,2,1,25,1,'2024-01-03','2024-01-03',NULL),(31,'Nha Tro Quan 5','Nha tro rong rai, co gac, co cho nau an va noi that day du chi can don vao o','2023-12-05 15:58:49.836225','2023-12-11 15:58:49.836225',1,1,10,1,7,1,'2024-01-03','2024-01-03',NULL),(32,'Nha Tro Quan Go Vap','Nha tro gan cho, gan cac truong dai goc va san bay','2023-12-26 15:58:49.850205','2023-12-28 15:58:49.850205',1,1,7,1,59,1,'2024-01-03','2024-01-03',NULL),(33,'Nha Tro Quan 5','Nha tro co cho nuoi dong vat, co ham giu xe, an ninh','2023-12-08 15:58:49.863197','2023-12-09 15:58:49.863197',0,1,22,1,57,1,'2024-01-03','2024-01-03',NULL),(34,'Nha Tro Quan Binh Thanh','Hha tro rong rai, co bang cong, wifi mien phi','2024-01-01 15:58:49.878600','2024-01-04 15:58:49.878600',1,1,16,1,39,1,'2024-01-03','2024-01-03',NULL),(35,'Nha Tro Quan 7','Nha tro rong rai, co gac, co cho nau an va noi that day du chi can don vao o','2024-01-02 15:58:49.895347','2024-01-07 15:58:49.895347',1,1,2,1,29,1,'2024-01-03','2024-01-03',NULL),(36,'Nha Tro Quan 5','Hha tro rong rai, co bang cong, wifi mien phi','2023-12-21 15:58:49.906510','2023-12-26 15:58:49.906510',1,1,15,1,5,1,'2024-01-03','2024-01-03',NULL),(37,'Nha Tro Quan Binh Thanh','Nha tro gan cho, gan cac truong dai goc va san bay','2023-12-16 15:58:49.921914','2023-12-18 15:58:49.921914',1,1,19,1,53,1,'2024-01-03','2024-01-03',NULL),(38,'Nha Tro Quan Go Vap','Nha tro co cho nuoi dong vat, co ham giu xe, an ninh','2023-12-16 15:58:49.934648','2023-12-23 15:58:49.934648',1,1,11,1,27,1,'2024-01-03','2024-01-03',NULL),(39,'Nha Tro Quan 5','Nha tro gan cho, gan cac truong dai goc va san bay','2024-01-01 15:58:49.948047','2024-01-08 15:58:49.948047',1,1,5,1,31,1,'2024-01-03','2024-01-03',NULL),(40,'Nha Tro Quan Go Vap','Nha tro rong rai, co gac, co cho nau an va noi that day du chi can don vao o','2023-12-25 15:58:49.960519','2023-12-30 15:58:49.960519',1,1,3,1,39,1,'2024-01-03','2024-01-03',NULL),(41,'Nha Tro Quan 7','Hha tro rong rai, co bang cong, wifi mien phi','2023-12-26 15:58:49.978665','2023-12-31 15:58:49.978665',1,1,18,1,25,1,'2024-01-03','2024-01-03',NULL),(42,'Nha Tro Quan 6','Nha tro gan cho, gan cac truong dai goc va san bay','2023-12-21 15:58:49.992975','2023-12-22 15:58:49.992975',1,1,12,1,5,1,'2024-01-03','2024-01-03',NULL),(43,'Nha Tro Quan Binh Thanh','Nha tro rong rai, co gac, co cho nau an va noi that day du chi can don vao o','2023-12-27 15:58:50.010103','2024-01-03 15:58:50.010103',1,1,19,1,31,1,'2024-01-03','2024-01-03',NULL),(44,'Nha Tro Quan 6','Nha tro gan cho, gan cac truong dai goc va san bay','2023-12-26 15:58:50.025156','2023-12-29 15:58:50.025156',1,1,12,1,11,1,'2024-01-03','2024-01-03',NULL),(45,'Nha Tro Quan Go Vap','Nha tro gan cho, gan cac truong dai goc va san bay','2024-01-02 15:58:50.040895','2024-01-03 15:58:50.040895',1,1,7,1,27,1,'2024-01-03','2024-01-03',NULL),(46,'Nha Tro Quan 4','Hha tro rong rai, co bang cong, wifi mien phi','2023-12-16 15:58:50.054350','2023-12-20 15:58:50.054350',0,1,21,1,55,1,'2024-01-03','2024-01-03',NULL),(47,'Nha Tro Quan Binh Thanh','Nha tro co cho nuoi dong vat, co ham giu xe, an ninh','2023-12-25 15:58:52.861118','2024-01-01 15:58:52.861118',1,1,13,1,21,1,'2024-01-03','2024-01-03',NULL),(48,'Nha Tro Quan 5','Nha tro rong rai, co gac, co cho nau an va noi that day du chi can don vao o','2023-12-18 15:58:52.916830','2023-12-19 15:58:52.916830',1,1,14,1,51,1,'2024-01-03','2024-01-03',NULL),(49,'Nha Tro Quan 7','Hha tro rong rai, co bang cong, wifi mien phi','2023-12-23 15:58:52.933568','2023-12-26 15:58:52.933568',1,1,4,1,39,1,'2024-01-03','2024-01-03',NULL),(50,'Nha Tro Quan Go Vap','Nha tro rong rai, co gac, co cho nau an va noi that day du chi can don vao o','2023-12-16 15:58:52.947057','2023-12-17 15:58:52.947057',1,1,3,1,61,1,'2024-01-03','2024-01-03',NULL),(51,'Nha Tro Quan Binh Thanh','Nha tro rong rai, co gac, co cho nau an va noi that day du chi can don vao o','2023-12-14 15:58:52.962880','2023-12-15 15:58:52.962880',1,1,19,1,15,1,'2024-01-03','2024-01-03',NULL),(52,'Nha Tro Quan 7','Nha tro rong rai, co gac, co cho nau an va noi that day du chi can don vao o','2023-12-13 15:58:52.978530','2023-12-17 15:58:52.978530',0,1,18,1,13,1,'2024-01-03','2024-01-03',NULL),(53,'Nha Tro Quan Go Vap','Hha tro rong rai, co bang cong, wifi mien phi','2023-12-19 15:58:52.993257','2023-12-24 15:58:52.993257',0,1,3,1,29,1,'2024-01-03','2024-01-03',NULL),(54,'Nha Tro Quan 7','Nha tro co cho nuoi dong vat, co ham giu xe, an ninh','2023-12-26 15:58:53.009132','2024-01-01 15:58:53.009132',1,1,2,1,43,1,'2024-01-03','2024-01-03',NULL),(55,'Nha Tro Quan Go Vap','Nha tro gan cho, gan cac truong dai goc va san bay','2024-01-02 15:58:53.023621','2024-01-08 15:58:53.023621',0,1,11,1,33,1,'2024-01-03','2024-01-03',NULL),(56,'Nha Tro Quan Binh Thanh','Nha tro rong rai, co gac, co cho nau an va noi that day du chi can don vao o','2023-12-12 15:58:53.043836','2023-12-13 15:58:53.043836',1,1,19,1,39,1,'2024-01-03','2024-01-03',NULL),(57,'Nha Tro Quan 7','Nha tro gan cho, gan cac truong dai goc va san bay','2023-12-27 15:58:53.062561','2024-01-03 15:58:53.062561',0,1,18,1,31,1,'2024-01-03','2024-01-03',NULL),(58,'Nha Tro Quan Binh Thanh','Nha tro gan cho, gan cac truong dai goc va san bay','2023-12-06 15:58:53.078053','2023-12-08 15:58:53.078053',0,1,13,1,34,1,'2024-01-03','2024-01-03',NULL),(59,'Nha Tro Quan Go Vap','Nha tro co cho nuoi dong vat, co ham giu xe, an ninh','2023-12-13 15:58:53.094033','2023-12-16 15:58:53.094033',0,1,3,1,45,1,'2024-01-03','2024-01-03',NULL),(60,'Nha Tro Quan Go Vap','Nha tro co cho nuoi dong vat, co ham giu xe, an ninh','2023-12-29 15:58:53.108913','2024-01-04 15:58:53.108913',0,1,9,1,23,1,'2024-01-03','2024-01-03',NULL),(61,'Nha Tro Quan Binh Thanh','Nha tro rong rai, co gac, co cho nau an va noi that day du chi can don vao o','2023-12-13 15:58:53.127459','2023-12-17 15:58:53.127459',1,1,19,1,49,1,'2024-01-03','2024-01-03',NULL),(62,'Nha Tro Quan Go Vap','Nha tro gan cho, gan cac truong dai goc va san bay','2024-01-01 15:58:53.144046','2024-01-02 15:58:53.144046',0,1,9,1,45,1,'2024-01-03','2024-01-03',NULL),(63,'Nha Tro Quan 4','Hha tro rong rai, co bang cong, wifi mien phi','2023-12-20 15:58:53.159406','2023-12-22 15:58:53.159406',1,1,20,1,21,1,'2024-01-03','2024-01-03',NULL),(64,'Nha Tro Quan 7','Nha tro rong rai, co gac, co cho nau an va noi that day du chi can don vao o','2023-12-08 15:58:53.173796','2023-12-14 15:58:53.173796',0,1,17,1,43,1,'2024-01-03','2024-01-03',NULL),(65,'Nha Tro Quan Go Vap','Nha tro co cho nuoi dong vat, co ham giu xe, an ninh','2023-12-19 15:58:53.192805','2023-12-20 15:58:53.192805',0,1,3,1,11,1,'2024-01-03','2024-01-03',NULL),(66,'Nha Tro Quan Binh Thanh','Hha tro rong rai, co bang cong, wifi mien phi','2023-12-10 15:58:53.206610','2023-12-12 15:58:53.206610',1,1,13,1,57,1,'2024-01-03','2024-01-03',NULL),(67,'Nha Tro Quan 5','Nha tro gan cho, gan cac truong dai goc va san bay','2023-12-08 15:58:57.698809','2023-12-15 15:58:57.698809',1,1,10,1,25,1,'2024-01-03','2024-01-03',NULL),(68,'Nha Tro Quan Go Vap','Nha tro co cho nuoi dong vat, co ham giu xe, an ninh','2023-12-07 15:58:57.752570','2023-12-12 15:58:57.752570',0,1,9,1,55,1,'2024-01-03','2024-01-03',NULL),(69,'Nha Tro Quan 7','Nha tro co cho nuoi dong vat, co ham giu xe, an ninh','2023-12-26 15:58:57.765997','2024-01-02 15:58:57.765997',0,1,18,1,47,1,'2024-01-03','2024-01-03',NULL),(70,'Nha Tro Quan 6','Nha tro co cho nuoi dong vat, co ham giu xe, an ninh','2023-12-11 15:58:57.780274','2023-12-16 15:58:57.780274',1,1,12,1,11,1,'2024-01-03','2024-01-03',NULL),(71,'Nha Tro Quan Go Vap','Hha tro rong rai, co bang cong, wifi mien phi','2023-12-22 15:58:57.792703','2023-12-28 15:58:57.792703',0,1,3,1,45,1,'2024-01-03','2024-01-03',NULL),(72,'Nha Tro Quan Binh Thanh','Hha tro rong rai, co bang cong, wifi mien phi','2023-12-04 15:58:57.805196','2023-12-09 15:58:57.805196',1,1,13,1,19,1,'2024-01-03','2024-01-03',NULL),(73,'Nha Tro Quan Go Vap','Nha tro rong rai, co gac, co cho nau an va noi that day du chi can don vao o','2023-12-24 15:58:57.822931','2023-12-28 15:58:57.822931',0,1,7,1,47,1,'2024-01-03','2024-01-03',NULL),(74,'Nha Tro Quan Go Vap','Hha tro rong rai, co bang cong, wifi mien phi','2023-12-31 15:58:57.835406','2024-01-03 15:58:57.835406',1,1,11,1,34,1,'2024-01-03','2024-01-03',NULL),(75,'Nha Tro Quan 5','Nha tro gan cho, gan cac truong dai goc va san bay','2023-12-29 15:58:57.850636','2024-01-04 15:58:57.850636',0,1,10,1,17,1,'2024-01-03','2024-01-03',NULL),(76,'Nha Tro Quan 5','Nha tro co cho nuoi dong vat, co ham giu xe, an ninh','2023-12-28 15:58:57.866837','2024-01-02 15:58:57.866837',0,1,14,1,45,1,'2024-01-03','2024-01-03',NULL),(77,'Nha Tro Quan 7','Hha tro rong rai, co bang cong, wifi mien phi','2023-12-09 15:58:57.880475','2023-12-10 15:58:57.880475',0,1,17,1,51,1,'2024-01-03','2024-01-03',NULL),(78,'Nha Tro Quan 7','Hha tro rong rai, co bang cong, wifi mien phi','2023-12-12 15:58:57.891760','2023-12-18 15:58:57.891760',1,1,17,1,7,1,'2024-01-03','2024-01-03',NULL),(79,'Nha Tro Quan 4','Nha tro co cho nuoi dong vat, co ham giu xe, an ninh','2024-01-02 15:58:57.904588','2024-01-08 15:58:57.904588',1,1,21,1,57,1,'2024-01-03','2024-01-03',NULL),(80,'Nha Tro Quan 6','Nha tro co cho nuoi dong vat, co ham giu xe, an ninh','2023-12-10 15:58:57.917164','2023-12-12 15:58:57.917164',1,1,12,1,61,1,'2024-01-03','2024-01-03',NULL),(81,'Nha Tro Quan 5','Hha tro rong rai, co bang cong, wifi mien phi','2023-12-30 15:58:57.930239','2024-01-04 15:58:57.930239',1,1,14,1,29,1,'2024-01-03','2024-01-03',NULL),(82,'Nha Tro Quan 5','Nha tro rong rai, co gac, co cho nau an va noi that day du chi can don vao o','2023-12-11 15:58:57.943611','2023-12-16 15:58:57.943611',0,1,14,1,41,1,'2024-01-03','2024-01-03',NULL),(83,'Nha Tro Quan 7','Nha tro rong rai, co gac, co cho nau an va noi that day du chi can don vao o','2023-12-30 15:58:57.955544','2024-01-02 15:58:57.955544',1,1,17,1,55,1,'2024-01-03','2024-01-03',NULL),(84,'Nha Tro Quan 4','Nha tro gan cho, gan cac truong dai goc va san bay','2023-12-13 15:58:57.970914','2023-12-18 15:58:57.970914',0,1,21,1,13,1,'2024-01-03','2024-01-03',NULL),(85,'Nha Tro Quan 4','Nha tro gan cho, gan cac truong dai goc va san bay','2023-12-13 15:58:57.983709','2023-12-15 15:58:57.983709',0,1,21,1,51,1,'2024-01-03','2024-01-03',NULL),(86,'Nha Tro Quan 5','Nha tro co cho nuoi dong vat, co ham giu xe, an ninh','2023-12-18 15:58:57.999518','2023-12-23 15:58:57.999518',0,1,5,1,43,1,'2024-01-03','2024-01-03',NULL),(87,' Chủ đề của bài viết',' Mô tả về bài viết','2024-01-08 00:00:00.000000','2024-01-10 00:00:00.000000',0,1,30,1,39,1,'2024-01-08','2024-01-08',NULL),(88,' Chủ đề của bài viết',' Mô tả về bài viết','2024-01-08 00:00:00.000000','2024-01-10 00:00:00.000000',0,1,31,1,39,1,'2024-01-08','2024-01-08',NULL),(89,' Chủ đề của bài viết',' Mô tả về bài viết','2024-01-08 00:00:00.000000','2024-01-10 00:00:00.000000',0,1,32,1,7,1,'2024-01-09','2024-01-09',NULL),(90,'123','123','2024-01-10 00:00:00.000000','2024-01-20 00:00:00.000000',0,1,46,1,29,1,'2024-01-10','2024-01-10',NULL),(91,'123','123','2024-01-10 00:00:00.000000','2024-01-20 00:00:00.000000',0,1,47,1,29,1,'2024-01-10','2024-01-10',NULL),(92,'123','123','2024-01-10 00:00:00.000000','2024-01-20 00:00:00.000000',0,1,48,1,29,1,'2024-01-10','2024-01-10',NULL),(93,'123','123','2024-01-10 00:00:00.000000','2024-01-20 00:00:00.000000',0,1,49,1,29,1,'2024-01-10','2024-01-10',NULL),(94,'123','123','2024-01-10 00:00:00.000000','2024-01-20 00:00:00.000000',0,1,50,1,29,1,'2024-01-10','2024-01-10',NULL),(95,'1','2','2024-01-10 00:00:00.000000','2024-01-20 00:00:00.000000',0,1,51,1,47,1,'2024-01-10','2024-01-10',NULL),(96,'1','2','2024-01-10 00:00:00.000000','2024-01-20 00:00:00.000000',0,1,52,1,47,1,'2024-01-10','2024-01-10',NULL),(97,'1','2','2024-01-10 00:00:00.000000','2024-01-20 00:00:00.000000',0,1,53,1,47,1,'2024-01-10','2024-01-10',NULL),(98,'1','2','2024-01-10 00:00:00.000000','2024-01-20 00:00:00.000000',0,1,54,1,47,1,'2024-01-10','2024-01-10',NULL),(99,'1','1','2024-01-10 00:00:00.000000','2024-01-20 00:00:00.000000',0,1,55,1,29,1,'2024-01-11','2024-01-11',NULL),(100,'1','1','2024-01-10 00:00:00.000000','2024-01-20 00:00:00.000000',0,1,56,1,29,1,'2024-01-11','2024-01-11',NULL),(101,'4','2','2024-01-10 00:00:00.000000','2024-01-20 00:00:00.000000',0,1,57,1,47,1,'2024-01-11','2024-01-11',NULL),(102,'4','2','2024-01-10 00:00:00.000000','2024-01-20 00:00:00.000000',0,1,58,1,47,1,'2024-01-11','2024-01-11',NULL),(103,'4','2','2024-01-10 00:00:00.000000','2024-01-20 00:00:00.000000',0,1,59,1,47,1,'2024-01-11','2024-01-11',NULL);
/*!40000 ALTER TABLE `assss_post` ENABLE KEYS */;
UNLOCK TABLES;

--
-- Table structure for table `assss_rating`
--

DROP TABLE IF EXISTS `assss_rating`;
/*!40101 SET @saved_cs_client     = @@character_set_client */;
/*!50503 SET character_set_client = utf8mb4 */;
CREATE TABLE `assss_rating` (
  `id` bigint NOT NULL AUTO_INCREMENT,
  `created_date` date DEFAULT NULL,
  `updated_date` date DEFAULT NULL,
  `deleted_date` datetime(6) DEFAULT NULL,
  `active` tinyint(1) NOT NULL,
  `point` int NOT NULL,
  `value` varchar(1000) COLLATE utf8mb4_unicode_ci NOT NULL,
  `booking_id` bigint NOT NULL,
  PRIMARY KEY (`id`),
  KEY `ASSSs_rating_booking_id_a513099e_fk_ASSSs_booking_id` (`booking_id`),
  CONSTRAINT `ASSSs_rating_booking_id_a513099e_fk_ASSSs_booking_id` FOREIGN KEY (`booking_id`) REFERENCES `assss_booking` (`id`)
) ENGINE=InnoDB AUTO_INCREMENT=21 DEFAULT CHARSET=utf8mb4 COLLATE=utf8mb4_unicode_ci;
/*!40101 SET character_set_client = @saved_cs_client */;

--
-- Dumping data for table `assss_rating`
--

LOCK TABLES `assss_rating` WRITE;
/*!40000 ALTER TABLE `assss_rating` DISABLE KEYS */;
INSERT INTO `assss_rating` VALUES (1,'2024-01-04','2024-01-04',NULL,1,3,'Mean magazine difficult. Than site event teach.\nBoy court language difference information offer head. Us form remain chair determine. Explain rock manager interesting.',7),(2,'2024-01-04','2024-01-04',NULL,1,5,'Away staff sound return food. Of enough bar crime budget call right.\nPlace among pressure. Fall both edge claim step whom help.\nFind consider area PM story where goal. When media try.',5),(3,'2024-01-04','2024-01-04',NULL,1,4,'Paper model also speech car five large student. Away first indicate most seem form. Year really you national role phone.',19),(4,'2024-01-04','2024-01-04',NULL,1,4,'Could work around strategy body west.\nSeem total happy reason.\nBank hope record item company. I western most allow drop morning because. Hand military current process develop answer very.',5),(5,'2024-01-04','2024-01-04',NULL,1,1,'Measure else head whole approach. In common prevent spring month view. Above person his voice forward yourself.\nHope or list heart fire TV firm. Try daughter suffer charge story three.',5),(6,'2024-01-04','2024-01-04',NULL,1,1,'Treat social answer charge. Four begin effect investment reduce remain community.\nFormer to bill far thought deal every. Our television sing thought start bag.',15),(7,'2024-01-04','2024-01-04',NULL,1,2,'Kitchen response enjoy manage. Tell police push investment. Early give often animal gun.\nTraining recent all law institution. Along family development his indicate free organization over.',15),(8,'2024-01-04','2024-01-04',NULL,1,5,'Against anything usually quite rule so service table. Bed set record single.',15),(9,'2024-01-04','2024-01-04',NULL,1,2,'Power everyone minute hard true environment anyone.\nKind meeting one different. Quality magazine movement plant. Store thousand candidate hour. Need pass argue style drive today.',19),(10,'2024-01-04','2024-01-04',NULL,1,4,'Option doctor none. Agree you rule raise phone say anything. Identify option series else heavy federal.',15),(11,'2024-01-04','2024-01-04',NULL,1,5,'Bar true recently wrong author development. Decision ahead site. Until option do capital. Stage pull land now own dark soon.',25),(12,'2024-01-04','2024-01-04',NULL,1,4,'Child blood control. Easy just too thus. Type week risk remember type develop.',25),(13,'2024-01-04','2024-01-04',NULL,1,4,'Under check pull past past. Foot fast condition allow test newspaper phone ball.',25),(14,'2024-01-04','2024-01-04',NULL,1,4,'Build officer measure prevent bring. Ahead attack despite character among tell. Time officer game travel she significant.',23),(15,'2024-01-04','2024-01-04',NULL,1,5,'Usually quite matter despite. Choice lawyer north hospital kid hand. Law property piece sell lawyer should. Middle age common night trip.',23),(16,'2024-01-04','2024-01-04',NULL,1,5,'Near avoid Mrs real behind. Lead break term future. Field later nothing those image.\nBeyond doctor drop customer indeed assume. Pass often cup now president red.',22),(17,'2024-01-04','2024-01-04',NULL,1,4,'Offer between card your. Open would must evening choose right middle. None decide explain ball lawyer ability.\nMost expect event Mrs project. Risk admit international true dinner summer.',22),(18,'2024-01-04','2024-01-04',NULL,1,4,'Look run perform position treat perhaps law. Happy attorney we quickly quite religious.\nSo financial body outside. Improve will ball.',23),(19,'2024-01-04','2024-01-04',NULL,1,5,'Already next continue might. Join hit option deep alone attack. Development baby officer firm.\nPut individual management simple social. Message white senior wait she door board.',23),(20,'2024-01-04','2024-01-04',NULL,1,5,'Fear relate natural policy send bank. Think late father whether miss foreign.',22);
/*!40000 ALTER TABLE `assss_rating` ENABLE KEYS */;
UNLOCK TABLES;

--
-- Table structure for table `assss_role`
--

DROP TABLE IF EXISTS `assss_role`;
/*!40101 SET @saved_cs_client     = @@character_set_client */;
/*!50503 SET character_set_client = utf8mb4 */;
CREATE TABLE `assss_role` (
  `id` bigint NOT NULL AUTO_INCREMENT,
  `rolename` varchar(100) COLLATE utf8mb4_unicode_ci NOT NULL,
  PRIMARY KEY (`id`),
  UNIQUE KEY `rolename` (`rolename`)
) ENGINE=InnoDB AUTO_INCREMENT=4 DEFAULT CHARSET=utf8mb4 COLLATE=utf8mb4_unicode_ci;
/*!40101 SET character_set_client = @saved_cs_client */;

--
-- Dumping data for table `assss_role`
--

LOCK TABLES `assss_role` WRITE;
/*!40000 ALTER TABLE `assss_role` DISABLE KEYS */;
INSERT INTO `assss_role` VALUES (1,'Admin'),(2,'Host'),(3,'User');
/*!40000 ALTER TABLE `assss_role` ENABLE KEYS */;
UNLOCK TABLES;

--
-- Table structure for table `assss_typepayment`
--

DROP TABLE IF EXISTS `assss_typepayment`;
/*!40101 SET @saved_cs_client     = @@character_set_client */;
/*!50503 SET character_set_client = utf8mb4 */;
CREATE TABLE `assss_typepayment` (
  `id` bigint NOT NULL AUTO_INCREMENT,
  `created_date` date DEFAULT NULL,
  `updated_date` date DEFAULT NULL,
  `deleted_date` datetime(6) DEFAULT NULL,
  `active` tinyint(1) NOT NULL,
  `name` varchar(100) COLLATE utf8mb4_unicode_ci NOT NULL,
  PRIMARY KEY (`id`)
) ENGINE=InnoDB AUTO_INCREMENT=4 DEFAULT CHARSET=utf8mb4 COLLATE=utf8mb4_unicode_ci;
/*!40101 SET character_set_client = @saved_cs_client */;

--
-- Dumping data for table `assss_typepayment`
--

LOCK TABLES `assss_typepayment` WRITE;
/*!40000 ALTER TABLE `assss_typepayment` DISABLE KEYS */;
INSERT INTO `assss_typepayment` VALUES (1,'2024-01-04','2024-01-04',NULL,1,'Cash'),(2,'2024-01-04','2024-01-04',NULL,1,'PayPal'),(3,'2024-01-04','2024-01-04',NULL,1,'Card');
/*!40000 ALTER TABLE `assss_typepayment` ENABLE KEYS */;
UNLOCK TABLES;

--
-- Table structure for table `assss_user`
--

DROP TABLE IF EXISTS `assss_user`;
/*!40101 SET @saved_cs_client     = @@character_set_client */;
/*!50503 SET character_set_client = utf8mb4 */;
CREATE TABLE `assss_user` (
  `id` bigint NOT NULL AUTO_INCREMENT,
  `password` varchar(128) COLLATE utf8mb4_unicode_ci NOT NULL,
  `last_login` datetime(6) DEFAULT NULL,
  `is_superuser` tinyint(1) NOT NULL,
  `username` varchar(150) COLLATE utf8mb4_unicode_ci NOT NULL,
  `first_name` varchar(150) COLLATE utf8mb4_unicode_ci NOT NULL,
  `last_name` varchar(150) COLLATE utf8mb4_unicode_ci NOT NULL,
  `email` varchar(254) COLLATE utf8mb4_unicode_ci NOT NULL,
  `is_staff` tinyint(1) NOT NULL,
  `is_active` tinyint(1) NOT NULL,
  `date_joined` datetime(6) NOT NULL,
  `address` varchar(100) COLLATE utf8mb4_unicode_ci DEFAULT NULL,
  `avatar` varchar(255) COLLATE utf8mb4_unicode_ci DEFAULT NULL,
  `dob` date DEFAULT NULL,
  `phonenumber` double NOT NULL,
  `role_id` bigint DEFAULT NULL,
  `active` tinyint(1) NOT NULL,
  `created_date` date DEFAULT NULL,
  `updated_date` date DEFAULT NULL,
  `deleted_date` datetime(6) DEFAULT NULL,
  `gender` varchar(25) COLLATE utf8mb4_unicode_ci DEFAULT NULL,
  PRIMARY KEY (`id`),
  UNIQUE KEY `username` (`username`),
  KEY `ASSSs_user_role_id_c479c720_fk_ASSSs_role_id` (`role_id`),
  CONSTRAINT `ASSSs_user_role_id_c479c720_fk_ASSSs_role_id` FOREIGN KEY (`role_id`) REFERENCES `assss_role` (`id`)
) ENGINE=InnoDB AUTO_INCREMENT=64 DEFAULT CHARSET=utf8mb4 COLLATE=utf8mb4_unicode_ci;
/*!40101 SET character_set_client = @saved_cs_client */;

--
-- Dumping data for table `assss_user`
--

LOCK TABLES `assss_user` WRITE;
/*!40000 ALTER TABLE `assss_user` DISABLE KEYS */;
INSERT INTO `assss_user` VALUES (1,'pbkdf2_sha256$720000$3CaCLL4loPyAGyeGx4fxwm$pkW07H45GnDC5knI9t0PK/QTQAyUz2JZmq+LKaK+MQo=','2024-01-11 05:05:05.095269',1,'admin','','','admin@gmail.com',1,1,'2024-01-02 04:57:39.801446','TP.HCM','image/upload/v1704614502/ASSS-avatar/cjpz2bifzeylspetpmqy.jpg',NULL,0,1,1,'2024-01-02','2024-01-07',NULL,'Male'),(4,'pbkdf2_sha256$720000$jO74PHGl6ozDLDDFiXbJzM$G40M3UlWkQ4PmMxh5t58AEi6uQp9rblkQsaUixIcSyY=',NULL,0,'user0','Kirk','Elliott','amysummers@example.org',0,1,'2024-01-02 06:27:33.942100','5349 Adam Court Suite 848\nTorresport, GU 53741','image/upload/v1704614502/ASSS-avatar/cjpz2bifzeylspetpmqy.jpg','1982-02-07',0,3,1,'2024-01-02','2024-01-02','2024-01-02 09:02:39.274704','Male'),(5,'pbkdf2_sha256$720000$keddgSpdY2ySWOEY3RTZim$hqYA+L+jpUKR5BKQMxiq3wZ5FxkGKfWfBDHIBjZnr94=',NULL,0,'host0','Kelsey','Jackson','hooperjustin@example.com',0,1,'2024-01-02 06:27:33.953073','4856 Henry Extension\nJamesmouth, HI 70385',NULL,'1975-06-05',0,2,0,'2024-01-02','2024-01-16','2024-01-02 09:02:46.615537','Other'),(6,'pbkdf2_sha256$720000$jYQijhmB64GGrzRS9c9jZS$RG6aIN9R+mgbatcgvTAT5ysQuIjJXLhBVL+/wTXMf+o=',NULL,0,'user1','Stephanie','Hall','jberger@example.org',0,1,'2024-01-02 06:27:35.099554','8991 Kristen Valley\nWest Zachary, RI 24844',NULL,'1953-06-29',0,3,0,'2024-01-02','2024-01-02','2024-01-02 09:02:43.730728','Other'),(7,'pbkdf2_sha256$720000$p7RNZodeNFwqu4NyhQrzj8$JCJjHpF11uF85C8vvYCWoOtmaddkHxPoYUtNgFJvVFQ=',NULL,0,'host1','Brandi','Mckinney','adrienne19@example.net',0,1,'2024-01-02 06:27:35.101618','94911 Carolyn Lane Suite 259\nAtkinsmouth, MT 36521',NULL,'1969-04-01',0,2,0,'2024-01-02','2024-01-02','2024-01-02 09:02:49.715597','Female'),(8,'pbkdf2_sha256$720000$WJNmn7egMcM47ZnzA1E9ms$ZP/RJ5vZDD3aGtCosYAJ9HRa2f/Asf+qX6OshunitTM=',NULL,0,'user2','Denise','Howard','ocameron@example.com',0,1,'2024-01-02 06:27:36.249634','2946 Scott Orchard\nHursttown, NJ 79153',NULL,'1979-02-27',0,3,1,'2024-01-02','2024-01-02',NULL,'Male'),(9,'pbkdf2_sha256$720000$DBMXOKKwZ16ClF7ERPxdZL$j48yTED2Etil+G00epHsWev0u4cui7y49YFyR+dLdL0=',NULL,0,'host2','Richard','Aguilar','angela25@example.net',0,1,'2024-01-02 06:27:36.258310','83650 Jones Street\nColemanland, NH 00511','image/upload/v1704259764/ASSS-avatar/yvbhdppozlamxifism0c.png','1978-02-26',0,2,1,'2024-01-02','2024-01-03',NULL,'Female'),(10,'pbkdf2_sha256$720000$fOHpL2S0HzA1TAWkTFXRmX$1GSMrI9WD4s2rVcwyfNp0RakyuOo8N2DTyZl3OHAfw8=',NULL,0,'user3','Christina','Barnett','mark59@example.net',0,1,'2024-01-02 06:27:37.439592','915 Peter Crossroad Suite 203\nNorth Zacharyville, NY 24062',NULL,'1993-02-22',0,3,1,'2024-01-02','2024-01-02',NULL,'Other'),(11,'pbkdf2_sha256$720000$gqpFbdWpQmLFVY93Nu7B8I$nfxbmNoZJrg4PCvEPrmVYeEjcHJbwMyKTITuooK+pqA=',NULL,0,'host3','Jonathan','Rogers','toddoconnell@example.org',0,1,'2024-01-02 06:27:37.449402','867 Ryan Drive\nFuentesfort, DE 53121','image/upload/v1704259817/ASSS-avatar/f3rbeycaanz2mubgd0pb.png','1960-02-26',0,2,1,'2024-01-02','2024-01-03',NULL,'Other'),(12,'pbkdf2_sha256$720000$4PnnSVM66hMXmNXYeLA9XW$FISq/jHt2KG5KRlvzQPSIm9Tu/TgB1KPkotsAuu1Tno=',NULL,0,'user4','John','Anderson','jessica45@example.com',0,1,'2024-01-02 06:27:38.656636','08985 Jones Fields Apt. 894\nDavidfort, ID 40351',NULL,'1972-02-17',0,3,1,'2023-01-02','2024-01-02',NULL,'Female'),(13,'pbkdf2_sha256$720000$1A0KQV6IFw2w2v3L8CEAhf$D0Fu9BTeobXU0+RAaODi1mfNeuBJc1+Ru71EtqibBIY=',NULL,0,'host4','Daniel','Singh','nunezmisty@example.net',0,1,'2024-01-02 06:27:38.666364','3665 Brent Isle Apt. 729\nPriceville, NY 25683','image/upload/v1704259849/ASSS-avatar/d0isvblo3sdyedsmxcrh.png','1970-08-31',0,2,1,'2023-01-02','2024-01-03',NULL,'Male'),(14,'pbkdf2_sha256$720000$fy7ZhsMmsZqKUwGmepTocs$G/YCbx7mA2FskgfT9XsevYLhLyWqQrXkUxVDPZVwhOE=',NULL,0,'user5','Deanna','Kelly','ymorris@example.org',0,1,'2024-01-02 06:27:39.786643','7135 Martha Route\nPort Damonfurt, MO 08642',NULL,'1963-01-09',0,3,1,'2024-01-02','2024-01-02',NULL,'Female'),(15,'pbkdf2_sha256$720000$YAuV8pcKeLmjaE5VTRQKB5$7qgB5K9Ana+P3KWFaVOgsEQI1wSiFlN740aVHeZncgk=',NULL,0,'host5','Holly','Patel','robertholland@example.org',0,0,'2024-01-02 06:27:39.788125','977 White Stravenue Apt. 665\nEdwardhaven, IA 65836',NULL,'1992-07-08',0,2,1,'2023-02-01','2024-01-02',NULL,'Other'),(16,'pbkdf2_sha256$720000$WOzBV9B6EQw6X8DcGrXHaJ$LcRZ6mvx25m8rJKUHhyi3cyyaYeQC/oUBFB2D8reGOo=',NULL,0,'user6','Amanda','Mcgrath','gharvey@example.org',0,0,'2024-01-02 06:27:40.837876','251 Perkins Light\nTeresafort, MI 46847',NULL,'1974-05-11',0,3,1,'2023-01-12','2024-01-02',NULL,'Female'),(17,'pbkdf2_sha256$720000$oW7bby8JtyosKkVwjiaqdr$IFZBaf9Olg5HbrAzMNYgqlOpCujzH0vtwFfoYSclnoo=',NULL,0,'host6','Jessica','Harper','alexis19@example.net',0,1,'2024-01-02 06:27:40.846786','9466 Cheryl Garden Apt. 628\nFieldsview, SD 00776','image/upload/v1704260030/ASSS-avatar/ovffw7zgqpqzvshuow64.jpg','1949-09-04',0,2,1,'2024-01-02','2024-01-03',NULL,'Male'),(18,'pbkdf2_sha256$720000$kV2yzcDViYOTpVBnxEmQKb$yVtq0SfaPB+2HHsEjs20rE4kEOlSdsoeM5axXjuNQGE=',NULL,0,'user7','Lisa','King','jason64@example.org',0,1,'2024-01-02 06:27:42.056251','423 James Dam\nKirbyside, MO 22511',NULL,'1959-08-05',0,3,1,'2022-01-02','2024-01-02','2024-01-02 09:33:49.320982','Male'),(19,'pbkdf2_sha256$720000$nz4IonAyWeo0ZJpvmWP9AA$1BM9MwoULBOrJC6vkBOrzsM4iCZlleRAh1MChZrRzwg=',NULL,0,'host7','Holly','Ashley','powelljames@example.net',0,1,'2024-01-02 06:27:42.065902','6642 Jason Isle Suite 551\nSouth Juan, SD 89147',NULL,'2001-02-03',0,2,1,'2022-01-02','2024-01-02',NULL,'Other'),(20,'pbkdf2_sha256$720000$DmzYqDQ5IA4pDkpto9N7UW$3sV7vS//O+8GFTM80Bq52ddcVyroX4Q5x3HPu1/EeEQ=',NULL,0,'user8','Darlene','Foster','steven95@example.com',0,1,'2024-01-02 06:27:43.251573','6211 Nicholas Walks\nPort Nicholemouth, AL 41947',NULL,'1962-08-03',0,3,1,'2024-01-02','2024-01-02',NULL,'Female'),(21,'pbkdf2_sha256$720000$p7hVYt6BPxpq7tZP5we6sA$ig66A/f4feWD8AH/4CeRi2C0V2IdP8NQbML1FLMxQdQ=',NULL,0,'host8','Scott','Brown','wallfrank@example.org',0,1,'2024-01-02 06:27:43.261065','74123 Wesley Orchard\nEast Tony, DC 76545',NULL,'1955-01-06',0,2,1,'2024-01-02','2024-01-02',NULL,'Female'),(22,'pbkdf2_sha256$720000$dTv8C69C3p5XymYGnGNl6J$z1156J2wIpUV7Jec+D5b4GS2QzaPYOo68Wq3/FMfDxU=',NULL,0,'user9','Savannah','Haley','wongemily@example.com',0,1,'2024-01-02 06:27:44.397352','61874 Lee Burg\nEast Ritamouth, KY 26708',NULL,'1939-08-21',0,3,1,'2024-01-02','2024-01-02',NULL,'Female'),(23,'pbkdf2_sha256$720000$1gjDHea1zoOlCYLEDHmkqP$akX8sHs5uYUJx/WhE7/v+xgJIMQU4qEJD9+s2hB3oYI=',NULL,0,'host9','Rodney','Adams','garrett00@example.com',0,1,'2024-01-02 06:27:44.412282','55045 Costa Divide\nLisaside, ND 73005',NULL,'1952-12-20',0,2,1,'2024-01-02','2024-01-02',NULL,'Other'),(24,'pbkdf2_sha256$720000$TGt869RS1SNpt6AOumf2KP$j7NU4vwTW3KAMaWOqMV6ogpTO+cRwEzwwSn2nIUnuCc=',NULL,0,'user10','Paul','Smith','mark77@example.com',0,1,'2024-01-02 08:56:42.969688','844 Strong Prairie\nLake Carriehaven, MN 78662',NULL,'1964-04-10',826523430,3,1,'2024-01-02','2024-01-02',NULL,'Male'),(25,'pbkdf2_sha256$720000$mvM3wWrOYS5WV793Pi94I6$tM3Yk3yn+Z9heHc6t04DwoQ+KyH1Q8tkk3OZzQNR2CQ=',NULL,0,'host10','Monica','Lindsey','perezrobert@example.com',0,1,'2024-01-02 08:56:42.977656','28772 Timothy Drive\nPort Patriciaport, OR 04260',NULL,'1933-12-28',388853371,2,1,'2024-01-02','2024-01-02',NULL,'Female'),(26,'pbkdf2_sha256$720000$oAXhQoEgYneSN2GK4GwYu5$RzRyfAZ9vZBHQHc2OhvVC9y4OoiF33q9O3HWxmpWlrE=',NULL,0,'user11','Laura','Andrews','robin51@example.com',0,1,'2024-01-02 08:56:44.066171','2872 Bishop Burgs\nNew Heidi, IN 49604',NULL,'1947-01-19',826523430,3,1,'2024-01-02','2024-01-02',NULL,'Female'),(27,'pbkdf2_sha256$720000$sm5y7OUkzlGKabIF0vIUq3$FACLQwWjYCEl2gTA79x020DVFBnNIH5nJA/OWsdFcAY=',NULL,0,'host11','Richard','Rios','plewis@example.com',0,1,'2024-01-02 08:56:44.069157','296 Maria Mission\nRebekahbury, ID 47114',NULL,'1965-10-26',388853371,2,1,'2024-01-02','2024-01-02',NULL,'Female'),(28,'pbkdf2_sha256$720000$fUmEzWB4nOlU8DMRxUzUpB$D7PJR/suL/0AjAivyHvCg3evPwov+vw3anrnVkUQ+sU=',NULL,0,'user12','Heather','Alvarez','hmorris@example.org',0,1,'2024-01-02 08:56:45.079465','2323 Jesus Mountain Apt. 025\nBennetttown, OR 80717',NULL,'1966-11-07',826523430,3,1,'2024-01-02','2024-01-02',NULL,'Female'),(29,'pbkdf2_sha256$720000$lkJ3viwlwJrpiNRu6fn9Mo$iZxqJLarhS13DhxRqwM6GfRo7W9530ton8okmw4X6+8=',NULL,0,'host12','Douglas','Jones','irobinson@example.com',0,1,'2024-01-02 08:56:45.081709','860 Joseph Knolls Apt. 376\nNelsonfurt, ME 76782',NULL,'1999-11-09',388853371,2,1,'2024-01-02','2024-01-02',NULL,'Female'),(30,'pbkdf2_sha256$720000$RHfLH3RRx3SmCu83wj7U3Y$90Rotx6FITGMxnMHvn56x7YxdPS9kjVdV1sYxQfJgDM=',NULL,0,'user13','Dan','Lawson','morgantodd@example.org',0,1,'2024-01-02 08:56:46.179678','372 Weber Manors Apt. 236\nRomerofort, DC 96055',NULL,'1965-08-05',826523430,3,1,'2024-01-02','2024-01-02',NULL,'Female'),(31,'pbkdf2_sha256$720000$J9eZriHwGiEaBMCINRmVoF$wgp2sBNPM0mRgkH1d0JlX2C6SMaXzUsCEICxGp0OYxM=',NULL,0,'host13','Christopher','Potter','tperkins@example.net',0,1,'2024-01-02 08:56:46.181939','070 Watkins Lane Apt. 231\nPort Tannerville, MH 67203',NULL,'1990-05-13',388853371,2,1,'2024-01-02','2024-01-02',NULL,'Other'),(32,'pbkdf2_sha256$720000$azXIdnFCqLUsdrqROid2lD$1EVCqpQP9pyOheI3Tv90sizQtfvdbuT4uUWy+pYOwCM=',NULL,0,'user14','Melvin','Johnson','woodardelizabeth@example.org',0,1,'2024-01-02 08:56:47.403602','1566 Davis Dale Suite 685\nHollandfort, MN 86001',NULL,'1967-04-27',826523430,3,1,'2024-01-02','2024-01-02',NULL,'Male'),(33,'pbkdf2_sha256$720000$A1dbzhmvluVjffPpM2kbg0$LdjQ9cgRJbqaG6MqvO0mXl1Dtsbvr2ZvuYiJJTkzbTY=',NULL,0,'host14','Christina','Ross','mgrant@example.org',0,1,'2024-01-02 08:56:47.406598','113 Daniel Loaf\nSouth Justinshire, GA 64638',NULL,'1943-01-27',388853371,2,1,'2024-01-02','2024-01-02',NULL,'3'),(34,'pbkdf2_sha256$720000$tgGLYasgV5ku5Fq49IiJ9g$MaJCudIdT/gPUoZyzdMYwwS0tVnwRH0dL41+avedAKo=',NULL,0,'hostsau','Joanna','Davila','ellisjeremiah@example.net',0,1,'2024-01-02 08:56:48.641621','PSC 6806, Box 7760\nAPO AA 14952',NULL,'1936-03-31',826523430,2,1,'2024-01-02','2024-01-02',NULL,'3'),(35,'pbkdf2_sha256$720000$jncT4aSzxD8k91RizpE9WM$5w2pwm2DynZElWMc8bImgDWe4idyOkrFAiQCkHgdSq0=',NULL,0,'host15','Daniel','Cannon','copelandshelia@example.net',0,1,'2024-01-02 08:56:48.643624','314 Jason Mission\nYoungshire, OH 67304',NULL,'1956-01-31',388853371,2,1,'2024-01-02','2024-01-02',NULL,'3'),(36,'pbkdf2_sha256$720000$duRRkrk7ujz3Jl7fZusNLL$5nmPBdAN1+1UPARFanEn9N03/P9kN71Lc6hHkPcRHHs=',NULL,0,'user16','Gabriel','Collins','oroberts@example.net',0,1,'2024-01-02 08:56:49.737284','973 Brittany Plains\nJonathanshire, NH 93443',NULL,'1937-10-07',826523430,3,1,'2024-01-02','2024-01-02',NULL,'3'),(37,'pbkdf2_sha256$720000$mDO12gCqEGHAs10sYonpyr$h6QucDg6uhh2fyCQ5S0zzzSx+t4gARJkh0RxOAs6G6I=',NULL,0,'host16','Tammy','Smith','jason40@example.org',0,1,'2024-01-02 08:56:49.739241','27864 Mitchell River\nMichaeltown, NJ 76319',NULL,'1972-03-01',388853371,2,1,'2024-01-02','2024-01-02',NULL,'2'),(38,'pbkdf2_sha256$720000$qL8cIcDPFpNK7rdZbMKSHa$YKk/MMr2DFUT/z2WIRsk/YUgn/+iD9p8wu41vSF3GIQ=',NULL,0,'user17','Tracey','Miller','wrightneil@example.net',0,1,'2024-01-02 08:56:50.803100','4333 Danielle Greens Suite 368\nBenjaminstad, VA 81487',NULL,'1964-01-06',826523430,3,1,'2024-01-02','2024-01-02',NULL,'1'),(39,'pbkdf2_sha256$720000$OEZgjPz2zEYaAfb18V6xSN$sKh2laEvG0WLICWD8Ns0SA0haixNKm8FCp+LO41q4Yc=',NULL,0,'host17','Melissa','Jones','wmercer@example.com',0,1,'2024-01-02 08:56:50.810390','101 Michael Landing Suite 729\nMartinezshire, NY 50351',NULL,'1994-09-06',388853371,2,1,'2024-01-02','2024-01-02',NULL,'2'),(40,'pbkdf2_sha256$720000$uvrwfveEBdweUpzXjHx8K5$zzyoO0QilTxLKkhpqvX7MBMQHXQPo0v2d8R1RgST9q4=',NULL,0,'user18','Anthony','Jackson','alexandraryan@example.com',0,1,'2024-01-02 08:56:51.905765','0781 Kevin Trail Suite 373\nGamblefort, IA 64183',NULL,'1945-01-19',826523430,3,1,'2024-01-02','2024-01-02',NULL,'1'),(41,'pbkdf2_sha256$720000$iT8nU0915iJqtecyFfkCun$KevmEEwK8eVllDx7mv8EhRcQ0nEmYCAuyTpSopo4q5A=',NULL,0,'host18','Anthony','Calhoun','wmays@example.net',0,1,'2024-01-02 08:56:51.906767','40220 Preston Lights\nAnnettestad, MS 79194',NULL,'1984-01-09',388853371,2,1,'2024-01-02','2024-01-02',NULL,'2'),(42,'pbkdf2_sha256$720000$fc2oRVv6kYfqaoJkKRSjUV$CDntKhpgjvhAGL1MXOgnjFgiUlPi8xS6z/e0mo60+Ls=',NULL,0,'user19','Chris','Ochoa','browngregory@example.com',0,1,'2024-01-02 08:56:52.986327','193 Walker Lights\nLake Jocelynport, MA 87695','https://res.cloudinary.com/dstqvlt8d/image/upload/v1704543275/atouafyunay6pltjhqq3.png','1947-09-12',388853371,3,1,'2024-01-02','2024-01-06',NULL,'1'),(43,'pbkdf2_sha256$720000$LbTHZuHO0f3vN3uv8YoIgs$0PDbDCKtJKXhFDuSSeWnhR6dFSw2LyEVQoVg7UyQjzw=',NULL,0,'host19','Joseph','Parker','valenciaricky@example.org',0,1,'2024-01-02 08:56:52.987525','772 Michael Plaza\nEast Brianview, WA 65404',NULL,'1968-12-08',388853371,2,1,'2024-01-02','2024-01-02',NULL,'1'),(44,'pbkdf2_sha256$720000$NL5sEgFfW5R1v2cU4xlqgI$wGYpXaiPwTpOdBHDsrblEYRUbVhinz5axdpyQsmLSeI=',NULL,0,'user20','Mary','Wright','tyler36@example.com',0,1,'2024-01-03 14:14:12.151013','0388 Kemp Knoll\nNorth Jasmine, NY 89140',NULL,'1980-01-02',826523430,3,1,'2024-01-03','2024-01-03',NULL,'1'),(45,'pbkdf2_sha256$720000$X8TlQLeqgTJfOofwhKjIUM$R+9XB5SBUsFymEpvAZO09qlwe3+DM32gQFr/3OQx434=',NULL,0,'host20','Daniel','West','ramirezdavid@example.com',0,1,'2024-01-03 14:14:12.169908','536 Leon Roads Suite 072\nPort Tonya, AS 26915',NULL,'1942-01-06',388853371,2,1,'2024-01-03','2024-01-03',NULL,'3'),(46,'pbkdf2_sha256$720000$PTElZ6ofbVtb1zUIBU82rc$NWiJlPMlu0iFaGztz5EBFUOa92N10Tir+lpgCdScHP8=',NULL,0,'user21','Anna','Livingston','stephenpierce@example.org',0,1,'2024-01-03 14:14:15.972317','652 Kyle Club Suite 829\nNorth Kevinstad, LA 10219',NULL,'1979-08-27',826523430,3,1,'2024-01-03','2024-01-03',NULL,'3'),(47,'pbkdf2_sha256$720000$hNNoiaPJGxOgJel5mSYB4u$AzCilWdjUzOVyNhRnZGPwXnt2o7TjJMEAQfor2C7+Go=',NULL,0,'host21','Nicholas','Wang','uperry@example.org',0,1,'2024-01-03 14:14:15.976311','78464 Heath Pike\nDaniellemouth, PA 60288',NULL,'2004-12-04',388853371,2,1,'2024-01-03','2024-01-03',NULL,'1'),(48,'pbkdf2_sha256$720000$ORSzUI5lLJIwaqAUqXIFZH$OyW+LDOqVAStz4ySzhwxnURPwk1qU+ko3Ca6bmjlCmE=',NULL,0,'user22','Jenny','Taylor','james17@example.net',0,1,'2024-01-03 14:14:20.290463','91259 Edwin Hollow\nJenniferborough, TN 04581',NULL,'1969-11-22',826523430,3,1,'2024-01-03','2024-01-03',NULL,'1'),(49,'pbkdf2_sha256$720000$L01GO57Wheb38KbmUqLB9E$qNqj8axVl1YuPxWSV0ipq8m+r1AGr9hsK7VNA0VjLpc=',NULL,0,'host22','Matthew','Alvarado','claytonjohnson@example.org',0,1,'2024-01-03 14:14:20.297798','95348 Alejandro Mall\nMelissaland, PR 55052',NULL,'1944-11-01',388853371,2,1,'2024-01-03','2024-01-03',NULL,'2'),(50,'123',NULL,0,'tes31','Travis','Scott','rodneygolden@example.com',0,1,'2024-01-03 14:14:23.615804','513 Denise Mill\nNew Shelley, GU 59456',NULL,'1978-06-09',826523430,3,1,'2024-01-03','2024-01-07',NULL,'2'),(51,'pbkdf2_sha256$720000$26XQEFp03ur00JpSHLbgDa$21aMYnuUWb3YFyNWKZvVPA07oz8nRFOAssw9d/o4qQA=',NULL,0,'host23','Seth','Richards','katherinejordan@example.net',0,1,'2024-01-03 14:14:23.619792','31868 David Court Apt. 345\nSouth Anthony, AR 59846',NULL,'1944-07-05',388853371,2,1,'2024-01-03','2024-01-03',NULL,'3'),(52,'pbkdf2_sha256$720000$BNmV8S0H1JlA3J0cLc0jYS$1q+qsffEiaBrhqMhKV5JA7vFg/I3un0SXOFkNePjZc0=',NULL,0,'user24','Bethany','Brown','vgardner@example.com',0,1,'2024-01-03 14:14:26.467104','514 Daniel Pass\nWest Joshuabury, IN 34323',NULL,'1990-11-08',826523430,3,1,'2024-01-03','2024-01-03',NULL,'2'),(53,'pbkdf2_sha256$720000$WfJnzEEMxjGj73aaI1R76Q$hjUxBIM+E3UOpyHSXn1btCxRR9KqNQ1ilNXUPUDHJHI=',NULL,0,'host24','Corey','Pearson','ericmonroe@example.net',0,1,'2024-01-03 14:14:26.469600','95582 Erica Turnpike Apt. 989\nSharonshire, UT 60770',NULL,'1955-09-24',388853371,2,1,'2024-01-03','2024-01-03',NULL,'1'),(54,'pbkdf2_sha256$720000$aokVeLEtkss55ps45P67Il$dPmi4oGwt/X0/N5xkUnbKhSHrZmzKWy6HxKPnj1MJBs=',NULL,0,'user25','Robin','Williams','romeronicholas@example.net',0,1,'2024-01-03 14:14:29.168145','2068 Carter Pike Suite 926\nNew Jason, WV 71329',NULL,'1996-03-31',826523430,3,1,'2024-01-03','2024-01-03',NULL,'1'),(55,'pbkdf2_sha256$720000$qqqu9BAoYqZLrJ3Vn1J8Ms$NtHekUSo9uDrZKKXOwoHbsRa6s8WtI2AByEp7oHF/8k=',NULL,0,'host25','Brenda','Ali','williamsjennifer@example.net',0,1,'2024-01-03 14:14:29.171861','856 Ralph Grove\nWest Judy, ID 46189',NULL,'1997-07-08',388853371,2,1,'2024-01-03','2024-01-03',NULL,'3'),(56,'pbkdf2_sha256$720000$DAE9TRPaDrewIOyNVHg6ML$JTbr5tgELMLla6GjR/nGMkIlagI3zR4qgI/KR8VdQRI=',NULL,0,'user26','Lynn','Cohen','scottzachary@example.org',0,1,'2024-01-03 14:14:31.782416','091 Fowler Fort\nWest Jeremychester, OK 85161',NULL,'1980-04-14',826523430,3,1,'2024-01-03','2024-01-03',NULL,'1'),(57,'pbkdf2_sha256$720000$6kepuNnFyYkMkqRMKtsGNE$YpU0PSfVILn7erbXJL/xzSUqibOlDoL0lBjdzSFcTRQ=',NULL,0,'host26','Michael','Newton','lwilson@example.org',0,1,'2024-01-03 14:14:31.786474','315 Lowery Station Apt. 354\nAnitafort, PA 83411',NULL,'1989-08-24',388853371,2,1,'2024-01-03','2024-01-03',NULL,'1'),(58,'pbkdf2_sha256$720000$4KvzSyymgw4bkTpaErdbvH$3pm5crZYgd5t9ZmpT5deFKZcgm2OX9FFmbdHY5U+Ro0=',NULL,0,'user27','Kathryn','Ortiz','steven66@example.org',0,1,'2024-01-03 14:14:34.521992','35762 Stout Station Apt. 536\nSouth Pamshire, OK 42224',NULL,'2004-01-17',826523430,3,1,'2024-01-03','2024-01-03',NULL,'2'),(59,'pbkdf2_sha256$720000$11RVxzXnhZS3RxS94NpyHn$A5c17SUNlgmistjeUFsxe8/uSNOv1l0QJhyrYpkGWdE=',NULL,0,'host27','Michelle','Ross','vlopez@example.com',0,1,'2024-01-03 14:14:34.528443','23135 Krueger Center Apt. 637\nLake Jaclynstad, WV 29137',NULL,'1971-12-28',388853371,2,1,'2024-01-03','2024-01-03',NULL,'2'),(60,'pbkdf2_sha256$720000$8PhH71KG5qdT6wDjEhfm7u$sSn2cJP2x/7WE5dcRnI/OxFqZH9Fz1l2GxeAPVeeM0s=',NULL,0,'user28','Jesus','Vance','madelineluna@example.com',0,1,'2024-01-03 14:14:36.667172','8095 Hancock Crest\nPort Christopherview, UT 84504',NULL,'1959-09-01',826523430,3,1,'2024-01-03','2024-01-03',NULL,'3'),(61,'pbkdf2_sha256$720000$cI62lqg07PLywcDq7kXv0a$3ueigDJCmLoDrUZq/Z/qdhW5qkee6F51ZJXFCjqkmcY=',NULL,0,'host28','Robin','Joseph','gbrooks@example.net',0,1,'2024-01-03 14:14:36.670714','67063 Anderson Branch\nWest Priscillatown, AS 18274',NULL,'1996-11-05',388853371,2,1,'2024-01-03','2024-01-03',NULL,'3'),(62,'pbkdf2_sha256$720000$WrzUs2Bmk9Suoscuylx2YY$8QY3cPVWo7w5FCtLmHc/Y4USJP9fK6OgVBjhSe0C+CU=',NULL,0,'user29','Marissa','Vaughn','ygarner@example.com',0,1,'2024-01-03 14:14:38.779782','392 Justin Mountains Suite 215\nNew Donaldside, ME 41200',NULL,'1973-02-25',826523430,3,1,'2024-01-03','2024-01-03',NULL,'1'),(63,'pbkdf2_sha256$720000$ZPWYMQz5LhNBe1rYjJEaJT$iveIKXSuakiFhSfOK+NvlK7Sis/niUXS6q9WNub17j0=',NULL,0,'host29','Lindsey','Cross','ambercarter@example.com',0,1,'2024-01-03 14:14:38.805361','69195 Abbott Tunnel\nSouth Valerie, NM 25368',NULL,'1983-10-01',388853371,2,1,'2024-01-03','2024-01-03',NULL,'3');
/*!40000 ALTER TABLE `assss_user` ENABLE KEYS */;
UNLOCK TABLES;

--
-- Table structure for table `assss_user_groups`
--

DROP TABLE IF EXISTS `assss_user_groups`;
/*!40101 SET @saved_cs_client     = @@character_set_client */;
/*!50503 SET character_set_client = utf8mb4 */;
CREATE TABLE `assss_user_groups` (
  `id` bigint NOT NULL AUTO_INCREMENT,
  `user_id` bigint NOT NULL,
  `group_id` int NOT NULL,
  PRIMARY KEY (`id`),
  UNIQUE KEY `ASSSs_user_groups_user_id_group_id_4b5fa6f1_uniq` (`user_id`,`group_id`),
  KEY `ASSSs_user_groups_group_id_de32b8bf_fk_auth_group_id` (`group_id`),
  CONSTRAINT `ASSSs_user_groups_group_id_de32b8bf_fk_auth_group_id` FOREIGN KEY (`group_id`) REFERENCES `auth_group` (`id`),
  CONSTRAINT `ASSSs_user_groups_user_id_1b5a9982_fk_ASSSs_user_id` FOREIGN KEY (`user_id`) REFERENCES `assss_user` (`id`)
) ENGINE=InnoDB DEFAULT CHARSET=utf8mb4 COLLATE=utf8mb4_unicode_ci;
/*!40101 SET character_set_client = @saved_cs_client */;

--
-- Dumping data for table `assss_user_groups`
--

LOCK TABLES `assss_user_groups` WRITE;
/*!40000 ALTER TABLE `assss_user_groups` DISABLE KEYS */;
/*!40000 ALTER TABLE `assss_user_groups` ENABLE KEYS */;
UNLOCK TABLES;

--
-- Table structure for table `assss_user_user_permissions`
--

DROP TABLE IF EXISTS `assss_user_user_permissions`;
/*!40101 SET @saved_cs_client     = @@character_set_client */;
/*!50503 SET character_set_client = utf8mb4 */;
CREATE TABLE `assss_user_user_permissions` (
  `id` bigint NOT NULL AUTO_INCREMENT,
  `user_id` bigint NOT NULL,
  `permission_id` int NOT NULL,
  PRIMARY KEY (`id`),
  UNIQUE KEY `ASSSs_user_user_permissions_user_id_permission_id_336e9f1e_uniq` (`user_id`,`permission_id`),
  KEY `ASSSs_user_user_perm_permission_id_76101ae7_fk_auth_perm` (`permission_id`),
  CONSTRAINT `ASSSs_user_user_perm_permission_id_76101ae7_fk_auth_perm` FOREIGN KEY (`permission_id`) REFERENCES `auth_permission` (`id`),
  CONSTRAINT `ASSSs_user_user_permissions_user_id_10dc3f80_fk_ASSSs_user_id` FOREIGN KEY (`user_id`) REFERENCES `assss_user` (`id`)
) ENGINE=InnoDB DEFAULT CHARSET=utf8mb4 COLLATE=utf8mb4_unicode_ci;
/*!40101 SET character_set_client = @saved_cs_client */;

--
-- Dumping data for table `assss_user_user_permissions`
--

LOCK TABLES `assss_user_user_permissions` WRITE;
/*!40000 ALTER TABLE `assss_user_user_permissions` DISABLE KEYS */;
/*!40000 ALTER TABLE `assss_user_user_permissions` ENABLE KEYS */;
UNLOCK TABLES;

--
-- Table structure for table `auth_group`
--

DROP TABLE IF EXISTS `auth_group`;
/*!40101 SET @saved_cs_client     = @@character_set_client */;
/*!50503 SET character_set_client = utf8mb4 */;
CREATE TABLE `auth_group` (
  `id` int NOT NULL AUTO_INCREMENT,
  `name` varchar(150) COLLATE utf8mb4_unicode_ci NOT NULL,
  PRIMARY KEY (`id`),
  UNIQUE KEY `name` (`name`)
) ENGINE=InnoDB DEFAULT CHARSET=utf8mb4 COLLATE=utf8mb4_unicode_ci;
/*!40101 SET character_set_client = @saved_cs_client */;

--
-- Dumping data for table `auth_group`
--

LOCK TABLES `auth_group` WRITE;
/*!40000 ALTER TABLE `auth_group` DISABLE KEYS */;
/*!40000 ALTER TABLE `auth_group` ENABLE KEYS */;
UNLOCK TABLES;

--
-- Table structure for table `auth_group_permissions`
--

DROP TABLE IF EXISTS `auth_group_permissions`;
/*!40101 SET @saved_cs_client     = @@character_set_client */;
/*!50503 SET character_set_client = utf8mb4 */;
CREATE TABLE `auth_group_permissions` (
  `id` bigint NOT NULL AUTO_INCREMENT,
  `group_id` int NOT NULL,
  `permission_id` int NOT NULL,
  PRIMARY KEY (`id`),
  UNIQUE KEY `auth_group_permissions_group_id_permission_id_0cd325b0_uniq` (`group_id`,`permission_id`),
  KEY `auth_group_permissio_permission_id_84c5c92e_fk_auth_perm` (`permission_id`),
  CONSTRAINT `auth_group_permissio_permission_id_84c5c92e_fk_auth_perm` FOREIGN KEY (`permission_id`) REFERENCES `auth_permission` (`id`),
  CONSTRAINT `auth_group_permissions_group_id_b120cbf9_fk_auth_group_id` FOREIGN KEY (`group_id`) REFERENCES `auth_group` (`id`)
) ENGINE=InnoDB DEFAULT CHARSET=utf8mb4 COLLATE=utf8mb4_unicode_ci;
/*!40101 SET character_set_client = @saved_cs_client */;

--
-- Dumping data for table `auth_group_permissions`
--

LOCK TABLES `auth_group_permissions` WRITE;
/*!40000 ALTER TABLE `auth_group_permissions` DISABLE KEYS */;
/*!40000 ALTER TABLE `auth_group_permissions` ENABLE KEYS */;
UNLOCK TABLES;

--
-- Table structure for table `auth_permission`
--

DROP TABLE IF EXISTS `auth_permission`;
/*!40101 SET @saved_cs_client     = @@character_set_client */;
/*!50503 SET character_set_client = utf8mb4 */;
CREATE TABLE `auth_permission` (
  `id` int NOT NULL AUTO_INCREMENT,
  `name` varchar(255) COLLATE utf8mb4_unicode_ci NOT NULL,
  `content_type_id` int NOT NULL,
  `codename` varchar(100) COLLATE utf8mb4_unicode_ci NOT NULL,
  PRIMARY KEY (`id`),
  UNIQUE KEY `auth_permission_content_type_id_codename_01ab375a_uniq` (`content_type_id`,`codename`),
  CONSTRAINT `auth_permission_content_type_id_2f476e4b_fk_django_co` FOREIGN KEY (`content_type_id`) REFERENCES `django_content_type` (`id`)
) ENGINE=InnoDB AUTO_INCREMENT=101 DEFAULT CHARSET=utf8mb4 COLLATE=utf8mb4_unicode_ci;
/*!40101 SET character_set_client = @saved_cs_client */;

--
-- Dumping data for table `auth_permission`
--

LOCK TABLES `auth_permission` WRITE;
/*!40000 ALTER TABLE `auth_permission` DISABLE KEYS */;
INSERT INTO `auth_permission` VALUES (1,'Can add log entry',1,'add_logentry'),(2,'Can change log entry',1,'change_logentry'),(3,'Can delete log entry',1,'delete_logentry'),(4,'Can view log entry',1,'view_logentry'),(5,'Can add permission',2,'add_permission'),(6,'Can change permission',2,'change_permission'),(7,'Can delete permission',2,'delete_permission'),(8,'Can view permission',2,'view_permission'),(9,'Can add group',3,'add_group'),(10,'Can change group',3,'change_group'),(11,'Can delete group',3,'delete_group'),(12,'Can view group',3,'view_group'),(13,'Can add content type',4,'add_contenttype'),(14,'Can change content type',4,'change_contenttype'),(15,'Can delete content type',4,'delete_contenttype'),(16,'Can view content type',4,'view_contenttype'),(17,'Can add session',5,'add_session'),(18,'Can change session',5,'change_session'),(19,'Can delete session',5,'delete_session'),(20,'Can view session',5,'view_session'),(21,'Can add house',6,'add_house'),(22,'Can change house',6,'change_house'),(23,'Can delete house',6,'delete_house'),(24,'Can view house',6,'view_house'),(25,'Can add user',7,'add_user'),(26,'Can change user',7,'change_user'),(27,'Can delete user',7,'delete_user'),(28,'Can view user',7,'view_user'),(29,'Can add discount',8,'add_discount'),(30,'Can change discount',8,'change_discount'),(31,'Can delete discount',8,'delete_discount'),(32,'Can view discount',8,'view_discount'),(33,'Can add posting price',9,'add_postingprice'),(34,'Can change posting price',9,'change_postingprice'),(35,'Can delete posting price',9,'delete_postingprice'),(36,'Can view posting price',9,'view_postingprice'),(37,'Can add role',10,'add_role'),(38,'Can change role',10,'change_role'),(39,'Can delete role',10,'delete_role'),(40,'Can view role',10,'view_role'),(41,'Can add post',11,'add_post'),(42,'Can change post',11,'change_post'),(43,'Can delete post',11,'delete_post'),(44,'Can view post',11,'view_post'),(45,'Can add image',12,'add_image'),(46,'Can change image',12,'change_image'),(47,'Can delete image',12,'delete_image'),(48,'Can view image',12,'view_image'),(49,'Can add follow',13,'add_follow'),(50,'Can change follow',13,'change_follow'),(51,'Can delete follow',13,'delete_follow'),(52,'Can view follow',13,'view_follow'),(53,'Can add comment',14,'add_comment'),(54,'Can change comment',14,'change_comment'),(55,'Can delete comment',14,'delete_comment'),(56,'Can view comment',14,'view_comment'),(57,'Can add booking',15,'add_booking'),(58,'Can change booking',15,'change_booking'),(59,'Can delete booking',15,'delete_booking'),(60,'Can view booking',15,'view_booking'),(61,'Can add application',16,'add_application'),(62,'Can change application',16,'change_application'),(63,'Can delete application',16,'delete_application'),(64,'Can view application',16,'view_application'),(65,'Can add access token',17,'add_accesstoken'),(66,'Can change access token',17,'change_accesstoken'),(67,'Can delete access token',17,'delete_accesstoken'),(68,'Can view access token',17,'view_accesstoken'),(69,'Can add grant',18,'add_grant'),(70,'Can change grant',18,'change_grant'),(71,'Can delete grant',18,'delete_grant'),(72,'Can view grant',18,'view_grant'),(73,'Can add refresh token',19,'add_refreshtoken'),(74,'Can change refresh token',19,'change_refreshtoken'),(75,'Can delete refresh token',19,'delete_refreshtoken'),(76,'Can view refresh token',19,'view_refreshtoken'),(77,'Can add id token',20,'add_idtoken'),(78,'Can change id token',20,'change_idtoken'),(79,'Can delete id token',20,'delete_idtoken'),(80,'Can view id token',20,'view_idtoken'),(81,'Can add payment',21,'add_payment'),(82,'Can change payment',21,'change_payment'),(83,'Can delete payment',21,'delete_payment'),(84,'Can view payment',21,'view_payment'),(85,'Can add rating',22,'add_rating'),(86,'Can change rating',22,'change_rating'),(87,'Can delete rating',22,'delete_rating'),(88,'Can view rating',22,'view_rating'),(89,'Can add type payment',23,'add_typepayment'),(90,'Can change type payment',23,'change_typepayment'),(91,'Can delete type payment',23,'delete_typepayment'),(92,'Can view type payment',23,'view_typepayment'),(93,'Can add like',24,'add_like'),(94,'Can change like',24,'change_like'),(95,'Can delete like',24,'delete_like'),(96,'Can view like',24,'view_like'),(97,'Can add notice',25,'add_notice'),(98,'Can change notice',25,'change_notice'),(99,'Can delete notice',25,'delete_notice'),(100,'Can view notice',25,'view_notice');
/*!40000 ALTER TABLE `auth_permission` ENABLE KEYS */;
UNLOCK TABLES;

--
-- Table structure for table `django_admin_log`
--

DROP TABLE IF EXISTS `django_admin_log`;
/*!40101 SET @saved_cs_client     = @@character_set_client */;
/*!50503 SET character_set_client = utf8mb4 */;
CREATE TABLE `django_admin_log` (
  `id` int NOT NULL AUTO_INCREMENT,
  `action_time` datetime(6) NOT NULL,
  `object_id` longtext COLLATE utf8mb4_unicode_ci,
  `object_repr` varchar(200) COLLATE utf8mb4_unicode_ci NOT NULL,
  `action_flag` smallint unsigned NOT NULL,
  `change_message` longtext COLLATE utf8mb4_unicode_ci NOT NULL,
  `content_type_id` int DEFAULT NULL,
  `user_id` bigint NOT NULL,
  PRIMARY KEY (`id`),
  KEY `django_admin_log_content_type_id_c4bce8eb_fk_django_co` (`content_type_id`),
  KEY `django_admin_log_user_id_c564eba6_fk_ASSSs_user_id` (`user_id`),
  CONSTRAINT `django_admin_log_content_type_id_c4bce8eb_fk_django_co` FOREIGN KEY (`content_type_id`) REFERENCES `django_content_type` (`id`),
  CONSTRAINT `django_admin_log_user_id_c564eba6_fk_ASSSs_user_id` FOREIGN KEY (`user_id`) REFERENCES `assss_user` (`id`),
  CONSTRAINT `django_admin_log_chk_1` CHECK ((`action_flag` >= 0))
) ENGINE=InnoDB DEFAULT CHARSET=utf8mb4 COLLATE=utf8mb4_unicode_ci;
/*!40101 SET character_set_client = @saved_cs_client */;

--
-- Dumping data for table `django_admin_log`
--

LOCK TABLES `django_admin_log` WRITE;
/*!40000 ALTER TABLE `django_admin_log` DISABLE KEYS */;
/*!40000 ALTER TABLE `django_admin_log` ENABLE KEYS */;
UNLOCK TABLES;

--
-- Table structure for table `django_content_type`
--

DROP TABLE IF EXISTS `django_content_type`;
/*!40101 SET @saved_cs_client     = @@character_set_client */;
/*!50503 SET character_set_client = utf8mb4 */;
CREATE TABLE `django_content_type` (
  `id` int NOT NULL AUTO_INCREMENT,
  `app_label` varchar(100) COLLATE utf8mb4_unicode_ci NOT NULL,
  `model` varchar(100) COLLATE utf8mb4_unicode_ci NOT NULL,
  PRIMARY KEY (`id`),
  UNIQUE KEY `django_content_type_app_label_model_76bd3d3b_uniq` (`app_label`,`model`)
) ENGINE=InnoDB AUTO_INCREMENT=26 DEFAULT CHARSET=utf8mb4 COLLATE=utf8mb4_unicode_ci;
/*!40101 SET character_set_client = @saved_cs_client */;

--
-- Dumping data for table `django_content_type`
--

LOCK TABLES `django_content_type` WRITE;
/*!40000 ALTER TABLE `django_content_type` DISABLE KEYS */;
INSERT INTO `django_content_type` VALUES (1,'admin','logentry'),(15,'ASSSs','booking'),(14,'ASSSs','comment'),(8,'ASSSs','discount'),(13,'ASSSs','follow'),(6,'ASSSs','house'),(12,'ASSSs','image'),(24,'ASSSs','like'),(25,'ASSSs','notice'),(21,'ASSSs','payment'),(11,'ASSSs','post'),(9,'ASSSs','postingprice'),(22,'ASSSs','rating'),(10,'ASSSs','role'),(23,'ASSSs','typepayment'),(7,'ASSSs','user'),(3,'auth','group'),(2,'auth','permission'),(4,'contenttypes','contenttype'),(17,'oauth2_provider','accesstoken'),(16,'oauth2_provider','application'),(18,'oauth2_provider','grant'),(20,'oauth2_provider','idtoken'),(19,'oauth2_provider','refreshtoken'),(5,'sessions','session');
/*!40000 ALTER TABLE `django_content_type` ENABLE KEYS */;
UNLOCK TABLES;

--
-- Table structure for table `django_migrations`
--

DROP TABLE IF EXISTS `django_migrations`;
/*!40101 SET @saved_cs_client     = @@character_set_client */;
/*!50503 SET character_set_client = utf8mb4 */;
CREATE TABLE `django_migrations` (
  `id` bigint NOT NULL AUTO_INCREMENT,
  `app` varchar(255) COLLATE utf8mb4_unicode_ci NOT NULL,
  `name` varchar(255) COLLATE utf8mb4_unicode_ci NOT NULL,
  `applied` datetime(6) NOT NULL,
  PRIMARY KEY (`id`)
) ENGINE=InnoDB AUTO_INCREMENT=48 DEFAULT CHARSET=utf8mb4 COLLATE=utf8mb4_unicode_ci;
/*!40101 SET character_set_client = @saved_cs_client */;

--
-- Dumping data for table `django_migrations`
--

LOCK TABLES `django_migrations` WRITE;
/*!40000 ALTER TABLE `django_migrations` DISABLE KEYS */;
INSERT INTO `django_migrations` VALUES (1,'contenttypes','0001_initial','2024-01-02 04:56:39.197801'),(2,'contenttypes','0002_remove_content_type_name','2024-01-02 04:56:39.274594'),(3,'auth','0001_initial','2024-01-02 04:56:39.526503'),(4,'auth','0002_alter_permission_name_max_length','2024-01-02 04:56:39.579454'),(5,'auth','0003_alter_user_email_max_length','2024-01-02 04:56:39.587635'),(6,'auth','0004_alter_user_username_opts','2024-01-02 04:56:39.596934'),(7,'auth','0005_alter_user_last_login_null','2024-01-02 04:56:39.605177'),(8,'auth','0006_require_contenttypes_0002','2024-01-02 04:56:39.607868'),(9,'auth','0007_alter_validators_add_error_messages','2024-01-02 04:56:39.615845'),(10,'auth','0008_alter_user_username_max_length','2024-01-02 04:56:39.622638'),(11,'auth','0009_alter_user_last_name_max_length','2024-01-02 04:56:39.627509'),(12,'auth','0010_alter_group_name_max_length','2024-01-02 04:56:39.643071'),(13,'auth','0011_update_proxy_permissions','2024-01-02 04:56:39.649518'),(14,'auth','0012_alter_user_first_name_max_length','2024-01-02 04:56:39.656881'),(15,'ASSSs','0001_initial','2024-01-02 04:56:39.983662'),(16,'ASSSs','0002_house_acreage_house_price_house_quantity','2024-01-02 04:56:40.032976'),(17,'ASSSs','0003_discount_postingprice_role_user_address_user_avatar_and_more','2024-01-02 04:56:41.198903'),(18,'ASSSs','0004_alter_user_avatar','2024-01-02 04:56:41.319108'),(19,'ASSSs','0005_alter_image_imageurl','2024-01-02 04:56:41.393713'),(20,'ASSSs','0006_alter_image_imageurl_alter_user_avatar','2024-01-02 04:56:41.522287'),(21,'ASSSs','0007_alter_booking_options_alter_comment_options_and_more','2024-01-02 04:56:42.611940'),(22,'ASSSs','0008_booking_deleted_date_comment_deleted_date_and_more','2024-01-02 04:56:42.848556'),(23,'ASSSs','0009_alter_user_avatar','2024-01-02 04:56:42.892913'),(24,'ASSSs','0010_alter_user_avatar','2024-01-02 04:56:42.977050'),(25,'ASSSs','0011_alter_user_avatar','2024-01-02 04:56:43.021895'),(26,'ASSSs','0012_alter_user_avatar','2024-01-02 04:56:43.103671'),(27,'ASSSs','0013_alter_image_imageurl','2024-01-02 04:56:43.153701'),(28,'ASSSs','0014_user_gender','2024-01-02 04:56:43.199829'),(29,'admin','0001_initial','2024-01-02 04:56:43.348888'),(30,'admin','0002_logentry_remove_auto_add','2024-01-02 04:56:43.366729'),(31,'admin','0003_logentry_add_action_flag_choices','2024-01-02 04:56:43.379625'),(32,'oauth2_provider','0001_initial','2024-01-02 04:56:44.165475'),(33,'oauth2_provider','0002_auto_20190406_1805','2024-01-02 04:56:44.256964'),(34,'oauth2_provider','0003_auto_20201211_1314','2024-01-02 04:56:44.335247'),(35,'oauth2_provider','0004_auto_20200902_2022','2024-01-02 04:56:44.809186'),(36,'oauth2_provider','0005_auto_20211222_2352','2024-01-02 04:56:44.994613'),(37,'oauth2_provider','0006_alter_application_client_secret','2024-01-02 04:56:45.037091'),(38,'oauth2_provider','0007_application_post_logout_redirect_uris','2024-01-02 04:56:45.116407'),(39,'sessions','0001_initial','2024-01-02 04:56:45.153979'),(40,'ASSSs','0015_typepayment_rating_payment','2024-01-03 11:07:17.847329'),(41,'ASSSs','0016_alter_user_avatar','2024-01-07 05:50:39.266622'),(42,'ASSSs','0017_alter_user_avatar','2024-01-07 06:37:46.069824'),(43,'ASSSs','0018_like','2024-01-09 08:53:49.829906'),(44,'ASSSs','0019_alter_like_post_alter_like_user','2024-01-09 09:26:03.909019'),(45,'ASSSs','0020_alter_booking_post_alter_booking_user_and_more','2024-01-10 10:22:06.393755'),(46,'ASSSs','0021_notice_delete_postingprice','2024-01-16 05:38:13.875958'),(47,'ASSSs','0022_notice_status','2024-01-16 05:51:26.816871');
/*!40000 ALTER TABLE `django_migrations` ENABLE KEYS */;
UNLOCK TABLES;

--
-- Table structure for table `django_session`
--

DROP TABLE IF EXISTS `django_session`;
/*!40101 SET @saved_cs_client     = @@character_set_client */;
/*!50503 SET character_set_client = utf8mb4 */;
CREATE TABLE `django_session` (
  `session_key` varchar(40) COLLATE utf8mb4_unicode_ci NOT NULL,
  `session_data` longtext COLLATE utf8mb4_unicode_ci NOT NULL,
  `expire_date` datetime(6) NOT NULL,
  PRIMARY KEY (`session_key`),
  KEY `django_session_expire_date_a5c62663` (`expire_date`)
) ENGINE=InnoDB DEFAULT CHARSET=utf8mb4 COLLATE=utf8mb4_unicode_ci;
/*!40101 SET character_set_client = @saved_cs_client */;

--
-- Dumping data for table `django_session`
--

LOCK TABLES `django_session` WRITE;
/*!40000 ALTER TABLE `django_session` DISABLE KEYS */;
INSERT INTO `django_session` VALUES ('18gl5zprv3j5d504flbzdtdtqhk5zc65','.eJxVjEEOwiAQRe_C2hAGOrS4dO8ZyACDVA0kpV0Z765NutDtf-_9l_C0rcVvnRc_J3EWIE6_W6D44LqDdKd6azK2ui5zkLsiD9rltSV-Xg7376BQL99aJUbUTgPaTMgchwxWj2gn5ZQxGa2LA2dKBiZA0ClGF2wGYOVGRUq8P8sUNz0:1rM38R:fanWULjoGG4r6q7DWkFY6tEmFb1Ol5NU-ffslEC5cxY','2024-01-20 09:38:31.343884'),('5kmzzjo4lk2ym7mg5mf1cu2cgqbadjsh','.eJxVjEEOwiAQRe_C2hAGOrS4dO8ZyACDVA0kpV0Z765NutDtf-_9l_C0rcVvnRc_J3EWIE6_W6D44LqDdKd6azK2ui5zkLsiD9rltSV-Xg7376BQL99aJUbUTgPaTMgchwxWj2gn5ZQxGa2LA2dKBiZA0ClGF2wGYOVGRUq8P8sUNz0:1rNnFZ:qMMRALKGRWR_9YLHqf8PcBT6d0HeOpcl2cbC-Cv1Lo4','2024-01-25 05:05:05.675273'),('ctby8ho1gyz74xzvk1z8yhn6vbfuxeso','.eJxVjEEOwiAQRe_C2hAGOrS4dO8ZyACDVA0kpV0Z765NutDtf-_9l_C0rcVvnRc_J3EWIE6_W6D44LqDdKd6azK2ui5zkLsiD9rltSV-Xg7376BQL99aJUbUTgPaTMgchwxWj2gn5ZQxGa2LA2dKBiZA0ClGF2wGYOVGRUq8P8sUNz0:1rKf37:uqA4FoGjuCnUWLDQvyo2SpYxtZm5a52vYoZdK8Ndn9g','2024-01-16 13:43:17.151755'),('ibd2aczmiy6wb4jorx4p1tyxwnivmpex','.eJxVjEEOwiAQRe_C2hAGOrS4dO8ZyACDVA0kpV0Z765NutDtf-_9l_C0rcVvnRc_J3EWIE6_W6D44LqDdKd6azK2ui5zkLsiD9rltSV-Xg7376BQL99aJUbUTgPaTMgchwxWj2gn5ZQxGa2LA2dKBiZA0ClGF2wGYOVGRUq8P8sUNz0:1rLmdz:fObtD2FA5Tb1M4RqLmFsb694IiLNzD8jD93vPbWkRNA','2024-01-19 16:01:59.216918'),('m1s4kuosmo26czmo47vsajpxa3hhw5ma','.eJxVjEEOwiAQRe_C2hAGOrS4dO8ZyACDVA0kpV0Z765NutDtf-_9l_C0rcVvnRc_J3EWIE6_W6D44LqDdKd6azK2ui5zkLsiD9rltSV-Xg7376BQL99aJUbUTgPaTMgchwxWj2gn5ZQxGa2LA2dKBiZA0ClGF2wGYOVGRUq8P8sUNz0:1rNTlM:75fC6n_fw29I_wB8iMrYx1RlG1mHcMqa0dSaL_jQnG8','2024-01-24 08:16:36.058804'),('o59jqwua8klyun0ccjlpn9k58gyui9fk','.eJxVjEEOwiAQRe_C2hAGOrS4dO8ZyACDVA0kpV0Z765NutDtf-_9l_C0rcVvnRc_J3EWIE6_W6D44LqDdKd6azK2ui5zkLsiD9rltSV-Xg7376BQL99aJUbUTgPaTMgchwxWj2gn5ZQxGa2LA2dKBiZA0ClGF2wGYOVGRUq8P8sUNz0:1rKWr9:A50koJAsJdx7lqa49ok9tEpkXWI0Rxzt2LxI7BbXp5c','2024-01-16 04:58:23.330675'),('oj3gwd3aplpgnli743nsz158fnnaru5f','.eJxVjEEOwiAQRe_C2hAGOrS4dO8ZyACDVA0kpV0Z765NutDtf-_9l_C0rcVvnRc_J3EWIE6_W6D44LqDdKd6azK2ui5zkLsiD9rltSV-Xg7376BQL99aJUbUTgPaTMgchwxWj2gn5ZQxGa2LA2dKBiZA0ClGF2wGYOVGRUq8P8sUNz0:1rNTfM:CGLMLmaDGrPRKgzS2U1Oh8i06PVKPAexbCPAzmqJu_g','2024-01-24 08:10:24.657421'),('rc9ogdp9o3780yu1drxa5u9xks3ath9r','.eJxVjEEOwiAQRe_C2hAGOrS4dO8ZyACDVA0kpV0Z765NutDtf-_9l_C0rcVvnRc_J3EWIE6_W6D44LqDdKd6azK2ui5zkLsiD9rltSV-Xg7376BQL99aJUbUTgPaTMgchwxWj2gn5ZQxGa2LA2dKBiZA0ClGF2wGYOVGRUq8P8sUNz0:1rLn5H:VDUFhmnG69ovWAc9MmCpaliPQuzzbW_wHw8B7KYIDVk','2024-01-19 16:30:11.559914'),('spbx5icdxi5tt1b954wd1dduiwkvlbid','.eJxVjEEOwiAQRe_C2hAGOrS4dO8ZyACDVA0kpV0Z765NutDtf-_9l_C0rcVvnRc_J3EWIE6_W6D44LqDdKd6azK2ui5zkLsiD9rltSV-Xg7376BQL99aJUbUTgPaTMgchwxWj2gn5ZQxGa2LA2dKBiZA0ClGF2wGYOVGRUq8P8sUNz0:1rM7FZ:zj2BAqVeRih85Z2YiJSgFsYqgO9TgFev_owUXhovE_0','2024-01-20 14:02:09.135704'),('w46ksswtixo5osd9e6u7q0opwwx5u3gd','.eJxVjEEOwiAQRe_C2hAGOrS4dO8ZyACDVA0kpV0Z765NutDtf-_9l_C0rcVvnRc_J3EWIE6_W6D44LqDdKd6azK2ui5zkLsiD9rltSV-Xg7376BQL99aJUbUTgPaTMgchwxWj2gn5ZQxGa2LA2dKBiZA0ClGF2wGYOVGRUq8P8sUNz0:1rLlwf:oeAg-imxoV-mMlbaie2Av_-_R-koJ6qAr0MKqlqqi_Y','2024-01-19 15:17:13.090678');
/*!40000 ALTER TABLE `django_session` ENABLE KEYS */;
UNLOCK TABLES;

--
-- Table structure for table `oauth2_provider_accesstoken`
--

DROP TABLE IF EXISTS `oauth2_provider_accesstoken`;
/*!40101 SET @saved_cs_client     = @@character_set_client */;
/*!50503 SET character_set_client = utf8mb4 */;
CREATE TABLE `oauth2_provider_accesstoken` (
  `id` bigint NOT NULL AUTO_INCREMENT,
  `token` varchar(255) COLLATE utf8mb4_unicode_ci NOT NULL,
  `expires` datetime(6) NOT NULL,
  `scope` longtext COLLATE utf8mb4_unicode_ci NOT NULL,
  `application_id` bigint DEFAULT NULL,
  `user_id` bigint DEFAULT NULL,
  `created` datetime(6) NOT NULL,
  `updated` datetime(6) NOT NULL,
  `source_refresh_token_id` bigint DEFAULT NULL,
  `id_token_id` bigint DEFAULT NULL,
  PRIMARY KEY (`id`),
  UNIQUE KEY `token` (`token`),
  UNIQUE KEY `source_refresh_token_id` (`source_refresh_token_id`),
  UNIQUE KEY `id_token_id` (`id_token_id`),
  KEY `oauth2_provider_acce_application_id_b22886e1_fk_oauth2_pr` (`application_id`),
  KEY `oauth2_provider_accesstoken_user_id_6e4c9a65_fk_ASSSs_user_id` (`user_id`),
  CONSTRAINT `oauth2_provider_acce_application_id_b22886e1_fk_oauth2_pr` FOREIGN KEY (`application_id`) REFERENCES `oauth2_provider_application` (`id`),
  CONSTRAINT `oauth2_provider_acce_id_token_id_85db651b_fk_oauth2_pr` FOREIGN KEY (`id_token_id`) REFERENCES `oauth2_provider_idtoken` (`id`),
  CONSTRAINT `oauth2_provider_acce_source_refresh_token_e66fbc72_fk_oauth2_pr` FOREIGN KEY (`source_refresh_token_id`) REFERENCES `oauth2_provider_refreshtoken` (`id`),
  CONSTRAINT `oauth2_provider_accesstoken_user_id_6e4c9a65_fk_ASSSs_user_id` FOREIGN KEY (`user_id`) REFERENCES `assss_user` (`id`)
) ENGINE=InnoDB AUTO_INCREMENT=241 DEFAULT CHARSET=utf8mb4 COLLATE=utf8mb4_unicode_ci;
/*!40101 SET character_set_client = @saved_cs_client */;

--
-- Dumping data for table `oauth2_provider_accesstoken`
--

LOCK TABLES `oauth2_provider_accesstoken` WRITE;
/*!40000 ALTER TABLE `oauth2_provider_accesstoken` DISABLE KEYS */;
INSERT INTO `oauth2_provider_accesstoken` VALUES (1,'icPJkZlH8jo78KBhKwsBvDfuwTO4Fq','2024-01-02 15:00:14.137171','read write',1,1,'2024-01-02 05:00:14.138176','2024-01-02 05:00:14.138176',NULL,NULL),(2,'fDd7PYN9nKXYbhyff3ICEbQKfJzPOC','2024-01-02 15:02:36.655573','read write',1,1,'2024-01-02 05:02:36.655573','2024-01-02 05:02:36.655573',NULL,NULL),(3,'bXAC6lVzlfioOGalepiASqzbh2gPWb','2024-01-02 20:41:31.406586','read write',1,6,'2024-01-02 10:41:31.406586','2024-01-02 10:41:31.406586',NULL,NULL),(4,'PUJK0m5VN3bb4hf5cODWXDIOaSeIhR','2024-01-03 15:28:39.926492','read write',1,9,'2024-01-03 05:28:39.927654','2024-01-03 05:28:39.927654',NULL,NULL),(5,'I6VPE9z7OtesXrfqJmuco7FBaWS68b','2024-01-03 15:29:53.633469','read write',1,11,'2024-01-03 05:29:53.634673','2024-01-03 05:29:53.634673',NULL,NULL),(6,'1PdA8pHPJU8sBWU7ExdUAZcPzZAG1h','2024-01-03 15:30:30.171939','read write',1,13,'2024-01-03 05:30:30.172937','2024-01-03 05:30:30.172937',NULL,NULL),(7,'5OfHLzSJZcYlh71Ss7SBdWsRmpxpbd','2024-01-03 15:32:27.408531','read write',1,17,'2024-01-03 05:32:27.409528','2024-01-03 05:32:27.409528',NULL,NULL),(8,'aCyBgwmlnAWJD8lQlieqyc7hXfQ8PS','2024-01-04 16:37:36.819454','read write',1,31,'2024-01-04 06:37:36.820456','2024-01-04 06:37:36.820456',NULL,NULL),(9,'eNz6s0Ywr4lVIqx5xNmd3lBRDW2dhk','2024-01-04 16:40:36.663024','read write',1,31,'2024-01-04 06:40:36.665022','2024-01-04 06:40:36.665022',NULL,NULL),(10,'VTWxFL7IQBN3Bq5hUNIk7X6SRiWJpZ','2024-01-04 16:43:54.942134','read write',1,42,'2024-01-04 06:43:54.943129','2024-01-04 06:43:54.943129',NULL,NULL),(11,'nKUqMfDpWULLpj87C1hFUF7KWaY28V','2024-01-04 18:32:21.757716','read write',1,42,'2024-01-04 08:32:21.758818','2024-01-04 08:32:21.758818',NULL,NULL),(12,'YD5zLqPefvxaDWDsE9t82FrqPlRNFn','2024-01-04 18:39:48.940698','read write',1,9,'2024-01-04 08:39:48.941695','2024-01-04 08:39:48.941695',NULL,NULL),(13,'DyTjW3pPuXKM1IxgUgG4p5ALK4J7AW','2024-01-04 18:42:10.466298','read write',1,42,'2024-01-04 08:42:10.467304','2024-01-04 08:42:10.467304',NULL,NULL),(14,'Lsgmk5a6IGCtiV3mzh7lLVxvRk4Z9k','2024-01-05 01:00:17.218431','read write',1,42,'2024-01-04 15:00:17.219440','2024-01-04 15:00:17.219440',NULL,NULL),(15,'Zy9dZ0VDupOUzPetEXxylTgsL1AIZB','2024-01-05 03:13:10.226744','read write',1,1,'2024-01-04 17:13:10.227748','2024-01-04 17:13:10.227748',NULL,NULL),(16,'3ZV1pZ8S1RZfSV2vMm769420wDVX3t','2024-01-05 03:17:08.955180','read write',1,1,'2024-01-04 17:17:08.956288','2024-01-04 17:17:08.956288',NULL,NULL),(17,'9kTgKuJLnIc6azSm4xF0zEZ3ERGcxX','2024-01-05 03:18:08.352002','read write',1,1,'2024-01-04 17:18:08.353003','2024-01-04 17:18:08.353003',NULL,NULL),(18,'XUoxYFqIVK2YD8Xku26OTt4QH7iJMx','2024-01-05 03:20:25.643349','read write',1,1,'2024-01-04 17:20:25.644348','2024-01-04 17:20:25.644348',NULL,NULL),(19,'DVF2jYwTb0QP8rfqMSEJ6SMYlg6fCv','2024-01-05 03:23:35.234270','read write',1,1,'2024-01-04 17:23:35.235270','2024-01-04 17:23:35.235270',NULL,NULL),(20,'XmFTMGskGXUuYZAzqXs781d3q6xMOc','2024-01-05 03:41:03.762564','read write',1,1,'2024-01-04 17:41:03.763570','2024-01-04 17:41:03.763570',NULL,NULL),(21,'f6sCLT2fiW689Ag7BUDfUM89dNgY5G','2024-01-05 03:48:36.864327','read write',1,1,'2024-01-04 17:48:36.865327','2024-01-04 17:48:36.865327',NULL,NULL),(22,'4skaCczjW3id5yVEO7CI9J5hgwynJL','2024-01-05 03:52:40.110122','read write',1,1,'2024-01-04 17:52:40.111139','2024-01-04 17:52:40.111139',NULL,NULL),(23,'8l6ME6zyi4cwEcnV0E923CjQ0IyMSb','2024-01-05 03:57:22.770507','read write',1,1,'2024-01-04 17:57:22.770507','2024-01-04 17:57:22.770507',NULL,NULL),(24,'hdbd0yvDK3x1IIqkWFi2dvuFHywfpT','2024-01-05 04:00:01.144626','read write',1,1,'2024-01-04 18:00:01.144626','2024-01-04 18:00:01.144626',NULL,NULL),(25,'MUB5qp3IZ9RVktrjWBFj99ZKJpzHZj','2024-01-05 04:04:41.658905','read write',1,1,'2024-01-04 18:04:41.659926','2024-01-04 18:04:41.659926',NULL,NULL),(26,'lO1bPEZg8LipcpJoF0kcjSjIl7JYdX','2024-01-05 04:11:01.729782','read write',1,1,'2024-01-04 18:11:01.731609','2024-01-04 18:11:01.731609',NULL,NULL),(27,'4qRenwN9Mi3o1ERerMOuS3K85Ch3Hw','2024-01-05 04:20:29.219165','read write',1,1,'2024-01-04 18:20:29.221165','2024-01-04 18:20:29.221165',NULL,NULL),(28,'9qyZzoyQS2foXfJ6vuKOVqQxPaK6oU','2024-01-05 04:24:32.556930','read write',1,1,'2024-01-04 18:24:32.558242','2024-01-04 18:24:32.558242',NULL,NULL),(29,'8qkKxfJ22RJMRdOqdV8xSWAVJ5XMgl','2024-01-06 20:20:25.030297','read write',1,42,'2024-01-06 10:20:25.031456','2024-01-06 10:20:25.031456',NULL,NULL),(30,'lg7bqtj4NyDzLOtajn2eigMfjKRwCm','2024-01-06 20:51:01.906212','read write',1,42,'2024-01-06 10:51:01.907212','2024-01-06 10:51:01.907212',NULL,NULL),(31,'3O6PFuwQngPlrrLCbeSFoZThMluxZB','2024-01-06 21:38:43.876673','read write',1,42,'2024-01-06 11:38:43.876673','2024-01-06 11:38:43.876673',NULL,NULL),(32,'1DssHD7RPRPYPq94NpraDbQN73op0h','2024-01-06 22:11:35.980890','read write',1,42,'2024-01-06 12:11:35.981888','2024-01-06 12:11:35.981888',NULL,NULL),(33,'DA26iV7AYAjAtAAhaBFqZblxY8WsN7','2024-01-06 22:18:27.758227','read write',1,1,'2024-01-06 12:18:27.758227','2024-01-06 12:18:27.758227',NULL,NULL),(34,'O8w8OsknSjCfe4R6wOFVanHp5gldpu','2024-01-07 16:11:58.231032','read write',1,1,'2024-01-07 06:11:58.232033','2024-01-07 06:11:58.232033',NULL,NULL),(35,'cE1cMIlDxWmiUYJFQGK8MBB16PuVJK','2024-01-07 16:40:35.339009','read write',1,1,'2024-01-07 06:40:35.339999','2024-01-07 06:40:35.339999',NULL,NULL),(36,'AFLHQ7EbfsY4Rb0WVLYHecFmyEcvM2','2024-01-07 17:56:01.956566','read write',1,1,'2024-01-07 07:56:01.956566','2024-01-07 07:56:01.956566',NULL,NULL),(37,'LDQLHrkEiQjj2UnI9YvBNNPm6nbIo2','2024-01-07 18:42:43.596359','read write',1,1,'2024-01-07 08:42:43.600345','2024-01-07 08:42:43.600345',NULL,NULL),(38,'BLCH6COK2EcnMLV7KHNv54y45t3qte','2024-01-08 18:28:52.992863','read write',1,1,'2024-01-08 08:28:52.992863','2024-01-08 08:28:52.992863',NULL,NULL),(39,'8fSzySSWv4QVhuzUwfx38qMRXkdNDA','2024-01-08 19:03:43.883241','read write',1,39,'2024-01-08 09:03:43.883241','2024-01-08 09:03:43.883241',NULL,NULL),(40,'SY9J7NvbjjdwrWxDKSGphTLRQhd0Kx','2024-01-08 21:32:33.599480','read write',1,39,'2024-01-08 11:32:33.600468','2024-01-08 11:32:33.600468',NULL,NULL),(41,'FOlnLztPrhEgNVwFLsN7HMYhylywbZ','2024-01-08 21:32:59.731993','read write',1,13,'2024-01-08 11:32:59.733060','2024-01-08 11:32:59.733060',NULL,NULL),(42,'TmN31UyzEfPbu2QEDDLDAp8MsGNvGs','2024-01-08 21:33:22.685045','read write',1,1,'2024-01-08 11:33:22.685045','2024-01-08 11:33:22.685045',NULL,NULL),(43,'Bxex3fP57fFS1pAD4fe3ROkzPxiIHF','2024-01-08 21:34:03.024223','read write',1,45,'2024-01-08 11:34:03.025220','2024-01-08 11:34:03.025220',NULL,NULL),(44,'LgKeVEe3Bq8wqoxLrYPucWcksmPbos','2024-01-08 21:34:53.843058','read write',1,7,'2024-01-08 11:34:53.844125','2024-01-08 11:34:53.844125',NULL,NULL),(45,'KseNBaVXXVtg4g46bzO0xIOtrkTdoS','2024-01-09 20:53:34.959746','read write',1,7,'2024-01-09 10:53:34.960742','2024-01-09 10:53:34.960742',NULL,NULL),(46,'4uUm6UD1l9z9sr6gIUfBFThB6mGlKu','2024-01-10 18:15:45.936395','read write',1,1,'2024-01-10 08:15:45.937397','2024-01-10 08:15:45.937397',NULL,NULL),(47,'f6KNUkVjTDCZ3sTD8jfEdevKTxKGDr','2024-01-10 18:16:55.308379','read write',1,6,'2024-01-10 08:16:55.309370','2024-01-10 08:16:55.309370',NULL,NULL),(48,'SWhE1BF6QWR3Hv08fb5uIXg591R6UV','2024-01-10 18:16:57.363671','read write',1,6,'2024-01-10 08:16:57.364668','2024-01-10 08:16:57.364668',NULL,NULL),(49,'7YcLXTjp1P9u0VUcR2bmJCC5PC66xm','2024-01-10 18:16:58.232420','read write',1,6,'2024-01-10 08:16:58.236990','2024-01-10 08:16:58.236990',NULL,NULL),(50,'idxT6DTtZM0qGR7cAYK5TjnNNKnLMJ','2024-01-10 18:16:58.232420','read write',1,6,'2024-01-10 08:16:58.232420','2024-01-10 08:16:58.232420',NULL,NULL),(51,'yoJmAAffFVMYlEZYmNjSJNZ9HtWEzV','2024-01-10 18:26:27.052442','read write',1,51,'2024-01-10 08:26:27.052442','2024-01-10 08:26:27.052442',NULL,NULL),(52,'HakxDehqfV8T4gSwRZinEX9PrhCKLY','2024-01-10 20:29:25.778530','read write',1,29,'2024-01-10 10:29:25.778530','2024-01-10 10:29:25.778530',NULL,NULL),(53,'VmRuZnvqrXOxZtdqBvMWI83RKNfyeg','2024-01-10 20:32:51.458799','read write',1,29,'2024-01-10 10:32:51.458799','2024-01-10 10:32:51.458799',NULL,NULL),(54,'EgvDTdYXUv3GzpjrSfvhwfLMDcaIcD','2024-01-10 20:33:06.013617','read write',1,29,'2024-01-10 10:33:06.013617','2024-01-10 10:33:06.013617',NULL,NULL),(55,'yQunskRhM2kxj5W3LXCOXSJ3bDkV8Y','2024-01-10 21:10:43.051067','read write',1,1,'2024-01-10 11:10:43.052108','2024-01-10 11:10:43.052108',NULL,NULL),(56,'VKnXZGx8S0sgrl2uYjUOaRY2XdtmPM','2024-01-10 21:10:58.265613','read write',1,29,'2024-01-10 11:10:58.265613','2024-01-10 11:10:58.265613',NULL,NULL),(57,'W3jFAy8X9mZMiPV5Etgmj17XkNUiSo','2024-01-10 21:20:23.962692','read write',1,47,'2024-01-10 11:20:23.962692','2024-01-10 11:20:23.962692',NULL,NULL),(58,'ODoXybJLjDwzXJ3eXXnjuBY1rCDEIz','2024-01-11 15:23:06.178890','read write',1,29,'2024-01-11 05:23:06.179893','2024-01-11 05:23:06.179893',NULL,NULL),(59,'ewpW7GC6qDmkdH9ugS3FrpikDkZu6a','2024-01-11 15:25:17.707203','read write',1,5,'2024-01-11 05:25:17.707203','2024-01-11 05:25:17.707203',NULL,NULL),(60,'UKDLL3GRzV9LILGwCNPsOf6nWkq30L','2024-01-11 15:27:38.052107','read write',1,1,'2024-01-11 05:27:38.053106','2024-01-11 05:27:38.053106',NULL,NULL),(61,'rMy1tmbTIyW6uDeArOekOybv1tJ2Vd','2024-01-11 15:46:39.819450','read write',1,1,'2024-01-11 05:46:39.819450','2024-01-11 05:46:39.819450',NULL,NULL),(62,'Mz8WbkrLj2XQpWeQqOfcEOzOCL6w93','2024-01-11 15:47:14.334967','read write',1,47,'2024-01-11 05:47:14.334967','2024-01-11 05:47:14.334967',NULL,NULL),(63,'FUZX7dwdGHBl5UWQiU0eTBhrlTIzVk','2024-01-12 20:58:17.470539','read write',1,47,'2024-01-12 10:58:17.470539','2024-01-12 10:58:17.470539',NULL,NULL),(64,'KcZxWnwJ8tWkKlHecCdEPx6iJpbTdl','2024-01-12 20:59:20.957655','read write',1,47,'2024-01-12 10:59:20.958609','2024-01-12 10:59:20.958609',NULL,NULL),(65,'3szeHMbGJgmTiIPjeTRxrCtvFMBH7t','2024-01-12 20:59:21.472361','read write',1,47,'2024-01-12 10:59:21.472361','2024-01-12 10:59:21.472361',NULL,NULL),(66,'YU8qfN26mzewNtzT7dbgVq86FdJhik','2024-01-12 21:00:20.442566','read write',1,1,'2024-01-12 11:00:20.443562','2024-01-12 11:00:20.443562',NULL,NULL),(67,'1XrJDfthO4uwEn1XjjR8OFaiV6rq8k','2024-01-12 21:06:34.752708','read write',1,1,'2024-01-12 11:06:34.752708','2024-01-12 11:06:34.752708',NULL,NULL),(68,'DgGWLE94btIQ1hO7BReYFbBHnacgMk','2024-01-12 21:13:40.026429','read write',1,1,'2024-01-12 11:13:40.026429','2024-01-12 11:13:40.026429',NULL,NULL),(69,'3IkDOktYmCj0RDVWl6DwvuFPZNXT7O','2024-01-13 12:12:44.702520','read write',1,7,'2024-01-13 02:12:44.703517','2024-01-13 02:12:44.703517',NULL,NULL),(70,'k3h0DVqckk4xxYGZoKPSqHFW6wgMBK','2024-01-14 15:42:34.209678','read write',1,7,'2024-01-14 05:42:34.210680','2024-01-14 05:42:34.210680',NULL,NULL),(71,'AxvhuHaSHt2m2qhCk9YZDVwbgkhX45','2024-01-14 16:30:44.893188','read write',1,1,'2024-01-14 06:30:44.893188','2024-01-14 06:30:44.893188',NULL,NULL),(72,'gXjQC48s9CJrCqWyzKQeirwtIME4Ah','2024-01-14 16:59:26.384280','read write',1,47,'2024-01-14 06:59:26.385315','2024-01-14 06:59:26.385315',NULL,NULL),(73,'VyyRwEZYUD7kQXUyJvWVtSvLT1np4F','2024-01-14 17:14:20.161539','read write',1,1,'2024-01-14 07:14:20.161539','2024-01-14 07:14:20.161539',NULL,NULL),(74,'ae8VQQ2R2Na8u9T8titNU6AvaXhTHg','2024-01-14 18:40:42.925856','read write',1,1,'2024-01-14 08:40:42.926364','2024-01-14 08:40:42.926364',NULL,NULL),(75,'bIlruwmgdUQT6JBcf8ntWN7Dy1xlXC','2024-01-14 18:41:10.344531','read write',1,1,'2024-01-14 08:41:10.345822','2024-01-14 08:41:10.345822',NULL,NULL),(76,'b4TqwV1q3RVdHNZdY5f2DkHBfnlshg','2024-01-14 18:44:10.810415','read write',1,1,'2024-01-14 08:44:10.810415','2024-01-14 08:44:10.810415',NULL,NULL),(77,'1fIo2OkFD7N1piJC4MoV46AkVvz3ix','2024-01-14 18:48:07.789898','read write',1,1,'2024-01-14 08:48:07.790894','2024-01-14 08:48:07.790894',NULL,NULL),(78,'JibyqWgIdPplZ8affNl0BRgWJ9K4qs','2024-01-14 18:57:41.996631','read write',1,1,'2024-01-14 08:57:41.996631','2024-01-14 08:57:41.996631',NULL,NULL),(79,'j20f0YBHiCGfytZYJkJ7q3QLHvk7fO','2024-01-14 18:58:29.409514','read write',1,1,'2024-01-14 08:58:29.410509','2024-01-14 08:58:29.410509',NULL,NULL),(80,'EjDyBAhmgINLZa0jNOrQC0O5uKBQmx','2024-01-14 18:59:12.514593','read write',1,1,'2024-01-14 08:59:12.515594','2024-01-14 08:59:12.515594',NULL,NULL),(81,'zFJjjUleS4UGsLhK1iHQU58L7WrnHK','2024-01-14 19:00:50.681796','read write',1,1,'2024-01-14 09:00:50.683008','2024-01-14 09:00:50.683008',NULL,NULL),(82,'IsjExJBtu437qHFxize4yEYkG11WB7','2024-01-14 19:01:23.865126','read write',1,1,'2024-01-14 09:01:23.865126','2024-01-14 09:01:23.865126',NULL,NULL),(83,'NYpnVHsBfif1ZEm3ZxcpJj0fopWo8H','2024-01-14 19:02:03.459505','read write',1,1,'2024-01-14 09:02:03.459505','2024-01-14 09:02:03.459505',NULL,NULL),(84,'mVKTLXRpDfZOvHviPP8QQXBtTI36F6','2024-01-14 19:02:56.318966','read write',1,1,'2024-01-14 09:02:56.320187','2024-01-14 09:02:56.320187',NULL,NULL),(85,'Z0Di5rWs4CspbLzrKOFwzVcpw32WAT','2024-01-14 19:04:22.973488','read write',1,1,'2024-01-14 09:04:22.973488','2024-01-14 09:04:22.973488',NULL,NULL),(86,'qg4HD0nrE1dqg4yMYSmc50qjY8nx0S','2024-01-14 19:07:29.360990','read write',1,1,'2024-01-14 09:07:29.361988','2024-01-14 09:07:29.361988',NULL,NULL),(87,'LLP0JVM2BnJDtk4vA81odC7RVmPzWk','2024-01-14 19:11:06.374223','read write',1,1,'2024-01-14 09:11:06.375220','2024-01-14 09:11:06.375220',NULL,NULL),(88,'cPLY5GszmRosUVYakR6HjqQToNRap6','2024-01-14 19:11:09.884016','read write',1,1,'2024-01-14 09:11:09.885372','2024-01-14 09:11:09.885372',NULL,NULL),(89,'RwcBWcowy5bocDQ6b6IaMlU7lfVGla','2024-01-14 19:12:36.711955','read write',1,1,'2024-01-14 09:12:36.711955','2024-01-14 09:12:36.711955',NULL,NULL),(90,'M84AXODcZEO8ET1G3NsUNrWzKnWZYg','2024-01-14 19:14:02.856491','read write',1,1,'2024-01-14 09:14:02.856491','2024-01-14 09:14:02.856491',NULL,NULL),(91,'Zvty9M4LswUmBlgoTUjSeU0PZf1tm4','2024-01-14 19:22:56.015654','read write',1,1,'2024-01-14 09:22:56.016858','2024-01-14 09:22:56.016858',NULL,NULL),(92,'gURNb1EgXosFp17rob5xbbkLE4Tr3t','2024-01-14 19:23:55.114821','read write',1,1,'2024-01-14 09:23:55.116193','2024-01-14 09:23:55.116193',NULL,NULL),(93,'8mRGicjNn3wxdV5CnQ2mjz51e7nGXH','2024-01-14 19:26:47.464629','read write',1,1,'2024-01-14 09:26:47.465626','2024-01-14 09:26:47.465626',NULL,NULL),(94,'h5oIkbmS0AJZ7zmQYJASlbWB4b6Kvu','2024-01-14 19:32:41.133388','read write',1,7,'2024-01-14 09:32:41.134775','2024-01-14 09:32:41.134775',NULL,NULL),(95,'OnmGebssRwVvoBDsgnU6NGdmUOn4yf','2024-01-14 19:44:22.003344','read write',1,7,'2024-01-14 09:44:22.004340','2024-01-14 09:44:22.004340',NULL,NULL),(96,'dvwNzGaR7lBAnRHidnM19Z6v8eTJiJ','2024-01-14 19:49:46.839897','read write',1,1,'2024-01-14 09:49:46.840894','2024-01-14 09:49:46.840894',NULL,NULL),(97,'zz0RuuPIjbvoIiwkBYqGXpFx54yDW2','2024-01-14 19:54:45.014505','read write',1,1,'2024-01-14 09:54:45.015502','2024-01-14 09:54:45.015502',NULL,NULL),(98,'vXEDkbP4DdglwnQYMj6YkskaBfEn6p','2024-01-14 19:56:58.938837','read write',1,1,'2024-01-14 09:56:58.940246','2024-01-14 09:56:58.940246',NULL,NULL),(99,'UFFGcSaXwOLAou2r5cx0Jf5esLJfBq','2024-01-14 23:25:05.715897','read write',1,1,'2024-01-14 13:25:05.716897','2024-01-14 13:25:05.716897',NULL,NULL),(100,'ZFYLTIfHVwNVxbLdVPEFEbiwpAK6kC','2024-01-14 23:28:12.903990','read write',1,1,'2024-01-14 13:28:12.903990','2024-01-14 13:28:12.903990',NULL,NULL),(101,'2eRLwd43MtpS6rEcQ4T9RNLvPku6bb','2024-01-14 23:28:54.802534','read write',1,1,'2024-01-14 13:28:54.802534','2024-01-14 13:28:54.802534',NULL,NULL),(102,'mKRpR5P6C9m9T7rT3HU3TW51QmPcef','2024-01-14 23:35:12.454225','read write',1,1,'2024-01-14 13:35:12.455221','2024-01-14 13:35:12.455221',NULL,NULL),(103,'LLtZM46OBLHQnxp1yUgAFwETwJQzCI','2024-01-14 23:36:07.988770','read write',1,1,'2024-01-14 13:36:07.988770','2024-01-14 13:36:07.988770',NULL,NULL),(104,'TBr6q7L2OqPNoXU8eIKA1TZkWUZ38z','2024-01-14 23:37:17.937030','read write',1,1,'2024-01-14 13:37:17.938030','2024-01-14 13:37:17.938030',NULL,NULL),(105,'on554KJLasP8Guy8NeKoeHfJeitNh1','2024-01-14 23:43:26.120120','read write',1,1,'2024-01-14 13:43:26.120120','2024-01-14 13:43:26.120120',NULL,NULL),(106,'3asItniJp1nAmrfs8yMpP0VlYA1VDb','2024-01-14 23:45:12.221041','read write',1,1,'2024-01-14 13:45:12.221041','2024-01-14 13:45:12.221041',NULL,NULL),(107,'KtmOWWC1zUVJkyn4QHMLqVj3jumY2y','2024-01-14 23:56:03.893139','read write',1,1,'2024-01-14 13:56:03.893139','2024-01-14 13:56:03.893139',NULL,NULL),(108,'nnj9p13LhsfO7egq0luETS7hSiYQeQ','2024-01-15 00:02:08.127440','read write',1,1,'2024-01-14 14:02:08.128699','2024-01-14 14:02:08.128699',NULL,NULL),(109,'YbYwEJMowEzr49QGiO8hJS2COnuEE7','2024-01-15 00:40:13.855651','read write',1,1,'2024-01-14 14:40:13.857021','2024-01-14 14:40:13.857021',NULL,NULL),(110,'eoIzvOQsTRmtD9Uk7JDuObxwUndCHj','2024-01-15 00:40:54.821780','read write',1,5,'2024-01-14 14:40:54.822691','2024-01-14 14:40:54.822691',NULL,NULL),(111,'lT0cdNkzUeM4FKrNc0nYPeV0nmlcv7','2024-01-15 01:09:33.083001','read write',1,1,'2024-01-14 15:09:33.083001','2024-01-14 15:09:33.083001',NULL,NULL),(112,'l8KyDHYKj8UzyBDgvSr13uufAsHFvR','2024-01-15 01:10:19.084988','read write',1,1,'2024-01-14 15:10:19.086074','2024-01-14 15:10:19.086074',NULL,NULL),(113,'VVMDsuZYreFn8GZlrwm6kyeNExGvF5','2024-01-15 01:11:12.301841','read write',1,1,'2024-01-14 15:11:12.301841','2024-01-14 15:11:12.302837',NULL,NULL),(114,'p4UnlFc3aZkeMmCpB49mCVNnNTNdzN','2024-01-15 01:11:37.538447','read write',1,1,'2024-01-14 15:11:37.539502','2024-01-14 15:11:37.539502',NULL,NULL),(115,'DqPKnHDDN8u6o1FQqhXxxQI2eNNRPC','2024-01-15 01:12:32.737120','read write',1,1,'2024-01-14 15:12:32.737120','2024-01-14 15:12:32.737120',NULL,NULL),(116,'9m1KQdEEeQFqMBl08y8mFPboNggsDq','2024-01-15 01:14:45.523893','read write',1,1,'2024-01-14 15:14:45.524894','2024-01-14 15:14:45.524894',NULL,NULL),(117,'qzGBITKxR45TFVb3ZADRYrFmBQyvYl','2024-01-15 01:15:37.825078','read write',1,1,'2024-01-14 15:15:37.826075','2024-01-14 15:15:37.826075',NULL,NULL),(118,'hJbp9VMGhZovH83rxGVIJDR1OejxnN','2024-01-15 01:17:06.349784','read write',1,1,'2024-01-14 15:17:06.349784','2024-01-14 15:17:06.349784',NULL,NULL),(119,'sexPZAmSVJmyQTa3NparPGnGOc9V2n','2024-01-15 20:10:34.697585','read write',1,1,'2024-01-15 10:10:34.698581','2024-01-15 10:10:34.698581',NULL,NULL),(120,'YYs3QKTeDAI2yfWn3dil7IjqOelWNh','2024-01-15 20:22:22.380030','read write',1,1,'2024-01-15 10:22:22.381020','2024-01-15 10:22:22.381020',NULL,NULL),(121,'wpzWWzWmdFXC0k2YB2zF2L5KD6KAL4','2024-01-15 20:23:07.962907','read write',1,1,'2024-01-15 10:23:07.962907','2024-01-15 10:23:07.962907',NULL,NULL),(122,'DLqNdq8ptUNEpXaF8ts0O8A4JLDMXP','2024-01-15 20:24:07.995684','read write',1,1,'2024-01-15 10:24:07.995684','2024-01-15 10:24:07.995684',NULL,NULL),(123,'pT2RFwDqybGT7MtjPydjsYZWfqHbc5','2024-01-15 20:24:54.999105','read write',1,1,'2024-01-15 10:24:54.999105','2024-01-15 10:24:54.999105',NULL,NULL),(124,'BmUDUTcWDl3rfdOUQUo9rbTbDDcpcD','2024-01-15 20:32:46.423980','read write',1,1,'2024-01-15 10:32:46.423980','2024-01-15 10:32:46.423980',NULL,NULL),(125,'xkhzNxorUpQndubnUwp3KiMVX3sZyG','2024-01-15 21:21:26.343263','read write',1,1,'2024-01-15 11:21:26.344498','2024-01-15 11:21:26.344498',NULL,NULL),(126,'JhQIErK8qXww33DF56u4rtpxELkBsT','2024-01-15 21:34:30.766210','read write',1,1,'2024-01-15 11:34:30.767206','2024-01-15 11:34:30.767206',NULL,NULL),(127,'CFWHpXZIOwwytlOicYyGeEBPSiZXY6','2024-01-15 21:35:38.523883','read write',1,1,'2024-01-15 11:35:38.524878','2024-01-15 11:35:38.524878',NULL,NULL),(128,'wjalmxPRnbe54OgXp8bUYR0xoU2yaR','2024-01-15 21:37:04.801978','read write',1,1,'2024-01-15 11:37:04.801978','2024-01-15 11:37:04.801978',NULL,NULL),(129,'niMVgMy1aefaeFDGqSQ1buafyea9z0','2024-01-15 21:38:09.595257','read write',1,1,'2024-01-15 11:38:09.595257','2024-01-15 11:38:09.595257',NULL,NULL),(130,'v7QUDe3AxH3bVgXepFScyMglE6cwUV','2024-01-16 02:08:10.631023','read write',1,25,'2024-01-15 16:08:10.631023','2024-01-15 16:08:10.631023',NULL,NULL),(131,'fJT45346BMkPzekX4ueBuBtYhbX2R2','2024-01-16 02:12:48.796798','read write',1,1,'2024-01-15 16:12:48.797796','2024-01-15 16:12:48.797796',NULL,NULL),(132,'hKFOBojUMPcMjo6niYoB6p2dzg2L1u','2024-01-16 02:35:47.957825','read write',1,1,'2024-01-15 16:35:47.959192','2024-01-15 16:35:47.959192',NULL,NULL),(133,'nzlLJ6UDvNPOnGswT8ZfP56bd2vzTq','2024-01-16 03:15:02.485848','read write',1,25,'2024-01-15 17:15:02.485848','2024-01-15 17:15:02.485848',NULL,NULL),(134,'FJ6f3AdmKPH55eLg3R0L1aLx2N5mHM','2024-01-16 03:19:18.646290','read write',1,1,'2024-01-15 17:19:18.646290','2024-01-15 17:19:18.646290',NULL,NULL),(135,'jubXExLYkNY7JdMfXT3oRfFewMCGDO','2024-01-16 03:44:17.817944','read write',1,1,'2024-01-15 17:44:17.819068','2024-01-15 17:44:17.819068',NULL,NULL),(136,'hVr4yxhKRDNFZjvdP9KtIIvcnAglo1','2024-01-16 03:54:31.599045','read write',1,1,'2024-01-15 17:54:31.600060','2024-01-15 17:54:31.600060',NULL,NULL),(137,'9WdLpGNiIdO14bI2G79PPiGJtllxwb','2024-01-16 03:57:49.200819','read write',1,1,'2024-01-15 17:57:49.201817','2024-01-15 17:57:49.201817',NULL,NULL),(138,'WHdLS2Ud99vcKx82qU93u8WNog0tEF','2024-01-16 04:18:04.120900','read write',1,1,'2024-01-15 18:18:04.121855','2024-01-15 18:18:04.121855',NULL,NULL),(139,'A5ypJKKcOrl9JAFoqEDK1E86Th7OZC','2024-01-16 04:21:38.656464','read write',1,45,'2024-01-15 18:21:38.656464','2024-01-15 18:21:38.656464',NULL,NULL),(140,'ZG1Kz6217oVJ3JsIn5VNoGmBTQHZvJ','2024-01-16 04:34:17.160160','read write',1,9,'2024-01-15 18:34:17.160160','2024-01-15 18:34:17.160160',NULL,NULL),(141,'O6ItHqFTHn3pltTMR9iSbhAzQHX07o','2024-01-16 04:56:48.485692','read write',1,5,'2024-01-15 18:56:48.486704','2024-01-15 18:56:48.486704',NULL,NULL),(142,'ZF29mP0qEP91B8znjIh6Fb5zqJeyVb','2024-01-16 05:26:34.516085','read write',1,24,'2024-01-15 19:26:34.516085','2024-01-15 19:26:34.516085',NULL,NULL),(143,'HTIYNRwU50fbstMILetqWnUgzzv4lX','2024-01-16 05:31:15.885929','read write',1,1,'2024-01-15 19:31:15.886946','2024-01-15 19:31:15.886946',NULL,NULL),(144,'uCNM52FgES1MORuCSExNgBusLxKGc0','2024-01-16 05:50:02.972248','read write',1,45,'2024-01-15 19:50:02.973227','2024-01-15 19:50:02.973227',NULL,NULL),(145,'3bCSsEoruoVAzCvnEKpHUUXTzsHFQG','2024-01-16 05:50:29.390301','read write',1,5,'2024-01-15 19:50:29.391299','2024-01-15 19:50:29.391299',NULL,NULL),(146,'laVgqHSJnM096dP1Cpe6WT01mk0lhF','2024-01-16 05:50:42.663159','read write',1,45,'2024-01-15 19:50:42.663159','2024-01-15 19:50:42.663159',NULL,NULL),(147,'udLAUbXe2hmNtmuyyAdE7iui92paNY','2024-01-16 05:53:15.629376','read write',1,45,'2024-01-15 19:53:15.629376','2024-01-15 19:53:15.629376',NULL,NULL),(148,'y1AfqU1EtS4B9cJ5DAqrQG5WrTbzdU','2024-01-16 06:06:09.836115','read write',1,45,'2024-01-15 20:06:09.837112','2024-01-15 20:06:09.837112',NULL,NULL),(149,'ijF7RTB9pycb095TAa8MJpsjZwUC04','2024-01-16 06:08:14.846892','read write',1,45,'2024-01-15 20:08:14.847984','2024-01-15 20:08:14.847984',NULL,NULL),(150,'3zCOSEAAXJlShQbFZrcC3fWNHUlfrj','2024-01-16 06:11:16.767794','read write',1,45,'2024-01-15 20:11:16.768873','2024-01-15 20:11:16.768873',NULL,NULL),(151,'HlDHR6wkZ1JrMigdcGgK3NcI1RrHPG','2024-01-16 06:12:19.913419','read write',1,45,'2024-01-15 20:12:19.913419','2024-01-15 20:12:19.913419',NULL,NULL),(152,'W5vio6X2bwRydyI62V5xbkYw8SCdAi','2024-01-16 06:14:27.874311','read write',1,45,'2024-01-15 20:14:27.874311','2024-01-15 20:14:27.874311',NULL,NULL),(153,'v39rKGf8lc9Hd1ufT9NJYrW21yY1ak','2024-01-16 06:19:18.590656','read write',1,45,'2024-01-15 20:19:18.591653','2024-01-15 20:19:18.591653',NULL,NULL),(154,'9wBx8gAKuCLfabiMQyu5O3WnGmind3','2024-01-16 06:20:35.994059','read write',1,1,'2024-01-15 20:20:35.995055','2024-01-15 20:20:35.995055',NULL,NULL),(155,'SmvzFyiGBmzhuVR4dt2nLlBszmDevM','2024-01-16 06:20:50.693414','read write',1,45,'2024-01-15 20:20:50.694411','2024-01-15 20:20:50.694411',NULL,NULL),(156,'rq0hsB1NtER0lUNrpoqCSDFtkkOAxW','2024-01-16 06:22:09.408705','read write',1,45,'2024-01-15 20:22:09.409731','2024-01-15 20:22:09.409731',NULL,NULL),(157,'z0K5HebwH6t6P1a07vf9ePWrvIFGPG','2024-01-16 06:27:11.754772','read write',1,45,'2024-01-15 20:27:11.754772','2024-01-15 20:27:11.754772',NULL,NULL),(158,'lR8g8MynXBTq3muZx3mW53Vghv3T5b','2024-01-16 16:58:25.382966','read write',1,1,'2024-01-16 06:58:25.383962','2024-01-16 06:58:25.383962',NULL,NULL),(159,'NPaDpWJElR7Ep0vycq6n5lrZJwJ9Pk','2024-01-16 17:58:12.888038','read write',1,30,'2024-01-16 07:58:12.889050','2024-01-16 07:58:12.889050',NULL,NULL),(160,'4WOGjOyWmL1nTt32pQpNIaRACm351p','2024-01-16 17:59:47.618824','read write',1,30,'2024-01-16 07:59:47.619828','2024-01-16 07:59:47.619828',NULL,NULL),(161,'8PZPJyGO5673rc71KFyGmVKNQ2u8Jn','2024-01-16 18:06:44.994847','read write',1,30,'2024-01-16 08:06:44.995866','2024-01-16 08:06:44.995866',NULL,NULL),(162,'IHKKazZbnnqfqpB6ADg9jLw4rbNLbH','2024-01-16 18:07:13.191913','read write',1,1,'2024-01-16 08:07:13.192430','2024-01-16 08:07:13.192430',NULL,NULL),(163,'Cupe6ybWo7d9W6GEtXcEhmvKPXRQYW','2024-01-16 18:08:12.988404','read write',1,30,'2024-01-16 08:08:12.988404','2024-01-16 08:08:12.988404',NULL,NULL),(164,'ucM8ltHXGBqDCHZVAnLSJoR6wihoxi','2024-01-16 18:09:47.722039','read write',1,30,'2024-01-16 08:09:47.723039','2024-01-16 08:09:47.723039',NULL,NULL),(165,'2ynbWSIIbJxWKztggVSUQx1u1nemWU','2024-01-16 18:10:08.115246','read write',1,30,'2024-01-16 08:10:08.115246','2024-01-16 08:10:08.115246',NULL,NULL),(166,'ZIjYjNmt5680VJp20zWWxHlpXOdbJ9','2024-01-16 18:10:36.798589','read write',1,30,'2024-01-16 08:10:36.799586','2024-01-16 08:10:36.799586',NULL,NULL),(167,'K10vTSeyKuk0ljnrIfsMIskdrb5Gg4','2024-01-16 18:11:09.266723','read write',1,30,'2024-01-16 08:11:09.267723','2024-01-16 08:11:09.267723',NULL,NULL),(168,'gtAC4nIErVuBD50q83aop4WqmvlJtY','2024-01-16 18:13:53.247922','read write',1,30,'2024-01-16 08:13:53.250289','2024-01-16 08:13:53.250289',NULL,NULL),(169,'HIhkK2XeSRp0giZAPSzucdvTTLWsbk','2024-01-16 18:25:10.254159','read write',1,30,'2024-01-16 08:25:10.255169','2024-01-16 08:25:10.255169',NULL,NULL),(170,'Xa2s6pgzDNkt2aV3gv962pJCWmpqLq','2024-01-16 18:30:11.178777','read write',1,30,'2024-01-16 08:30:11.179778','2024-01-16 08:30:11.179778',NULL,NULL),(171,'ZOqUaa8WcwDWwagppMYt8KOxlzHb8z','2024-01-16 18:31:16.764698','read write',1,30,'2024-01-16 08:31:16.764698','2024-01-16 08:31:16.764698',NULL,NULL),(172,'nfUSzY9f1Kc5vEJgk3sogQs7Gzn8tL','2024-01-16 18:31:58.843354','read write',1,30,'2024-01-16 08:31:58.844352','2024-01-16 08:31:58.844352',NULL,NULL),(173,'rQ36C7f7sz5rLYlSAhtW51x26urZEk','2024-01-16 18:32:35.674109','read write',1,30,'2024-01-16 08:32:35.674655','2024-01-16 08:32:35.674655',NULL,NULL),(174,'7082lj7EGMFEtjR3ejaNc6ugeRfPIJ','2024-01-16 18:36:13.576875','read write',1,30,'2024-01-16 08:36:13.576875','2024-01-16 08:36:13.576875',NULL,NULL),(175,'a6X6pbIZZShwffRaibVsE4hHJ77Qm1','2024-01-16 18:36:39.350542','read write',1,30,'2024-01-16 08:36:39.351535','2024-01-16 08:36:39.351535',NULL,NULL),(176,'SgnqewHe9gddwV6J5kB8bDNHszEiPa','2024-01-16 18:38:03.835820','read write',1,30,'2024-01-16 08:38:03.835820','2024-01-16 08:38:03.835820',NULL,NULL),(177,'9nN0cetNTnRlxoUIlfzgmuzUnYEfdH','2024-01-16 18:42:25.313126','read write',1,30,'2024-01-16 08:42:25.313126','2024-01-16 08:42:25.313126',NULL,NULL),(178,'flj8h88w6ik6PKN1O5xSArXKzJMlrZ','2024-01-16 18:48:32.832876','read write',1,30,'2024-01-16 08:48:32.834791','2024-01-16 08:48:32.834791',NULL,NULL),(179,'nDIqXev9gnVnjoichXZ5Tqll78uvOC','2024-01-16 18:48:40.171348','read write',1,30,'2024-01-16 08:48:40.172342','2024-01-16 08:48:40.172342',NULL,NULL),(180,'r2XK7rjaSj8icQICRfWGtqc4kA7bOx','2024-01-16 18:51:18.827858','read write',1,30,'2024-01-16 08:51:18.828854','2024-01-16 08:51:18.828854',NULL,NULL),(181,'pcipYznTmdPimRRoclxptOTPBTetrl','2024-01-16 18:56:21.932986','read write',1,30,'2024-01-16 08:56:21.932986','2024-01-16 08:56:21.932986',NULL,NULL),(182,'XIEucQUVReSmJJRC4shW8qpWdMhkrA','2024-01-16 18:57:00.013648','read write',1,30,'2024-01-16 08:57:00.014645','2024-01-16 08:57:00.014645',NULL,NULL),(183,'qcE8sNZ9lhdwmqe4TWJiHorPti1zt6','2024-01-16 18:58:29.298892','read write',1,30,'2024-01-16 08:58:29.298892','2024-01-16 08:58:29.298892',NULL,NULL),(184,'gHQZbA5rwBy6pE9HktQjsaf5dSNGJo','2024-01-16 19:03:40.069685','read write',1,30,'2024-01-16 09:03:40.070682','2024-01-16 09:03:40.070682',NULL,NULL),(185,'cDWXszbiS4lsk9TzBt18xsJPQyWAmV','2024-01-16 19:03:42.714833','read write',1,30,'2024-01-16 09:03:42.715832','2024-01-16 09:03:42.715832',NULL,NULL),(186,'pJsNeGOJ14sKKIo7WDZBWvvDYdCbOk','2024-01-16 19:22:30.467928','read write',1,30,'2024-01-16 09:22:30.467928','2024-01-16 09:22:30.467928',NULL,NULL),(187,'0tYHOoa1HSAAoyUskQ6dZFU0Jf6M14','2024-01-16 19:23:02.112038','read write',1,30,'2024-01-16 09:23:02.113036','2024-01-16 09:23:02.113036',NULL,NULL),(188,'1gXDptTnQkI4TnberBPgxOE0v9M8B7','2024-01-16 19:23:46.983151','read write',1,30,'2024-01-16 09:23:46.984148','2024-01-16 09:23:46.984148',NULL,NULL),(189,'Tixxpb6QDQs1AZ8blLLaoqK8DW3bWR','2024-01-16 19:25:18.102157','read write',1,30,'2024-01-16 09:25:18.103154','2024-01-16 09:25:18.103154',NULL,NULL),(190,'WyBtoI342t1X9fen7uBdcGd9SPaU79','2024-01-16 19:25:21.515246','read write',1,30,'2024-01-16 09:25:21.515246','2024-01-16 09:25:21.515246',NULL,NULL),(191,'ap4RWr7zVMeHiC9sEV4Yiq4cGPDJRT','2024-01-16 19:25:23.664803','read write',1,30,'2024-01-16 09:25:23.664803','2024-01-16 09:25:23.664803',NULL,NULL),(192,'AjSTfry7ZamIx8uthrqjcHj1ZyAKTj','2024-01-16 19:25:24.080250','read write',1,30,'2024-01-16 09:25:24.081646','2024-01-16 09:25:24.081646',NULL,NULL),(193,'Vkv1pU0MebpYTm5sMvlPTfJ7Ut16hs','2024-01-16 19:25:24.369144','read write',1,30,'2024-01-16 09:25:24.370141','2024-01-16 09:25:24.370141',NULL,NULL),(194,'7jAsNiYkv7WQsJxd5Ovuv0SKIHEZtG','2024-01-16 19:26:59.411917','read write',1,30,'2024-01-16 09:26:59.413093','2024-01-16 09:26:59.413093',NULL,NULL),(195,'uzJcnDkF67K9MLPBsO3XPhMJon14Z6','2024-01-16 19:32:59.845296','read write',1,30,'2024-01-16 09:32:59.846286','2024-01-16 09:32:59.846286',NULL,NULL),(196,'oTjQQfWDguiskKGOTdiwpUNPXCfQGH','2024-01-16 19:33:01.467208','read write',1,30,'2024-01-16 09:33:01.468205','2024-01-16 09:33:01.468205',NULL,NULL),(197,'QUr6JAqMKjurJstPCzj96fXSDUTK90','2024-01-16 19:33:30.901154','read write',1,30,'2024-01-16 09:33:30.901154','2024-01-16 09:33:30.901154',NULL,NULL),(198,'TPjkVgSvaPvLx559pFzvZqZXwoMnOv','2024-01-16 19:34:22.342416','read write',1,30,'2024-01-16 09:34:22.343617','2024-01-16 09:34:22.343617',NULL,NULL),(199,'Xd0AEbYXaLizcuIby91zC9K2xvPAbm','2024-01-16 19:34:26.260921','read write',1,30,'2024-01-16 09:34:26.260921','2024-01-16 09:34:26.260921',NULL,NULL),(200,'Vnvqx88BQNjp7BxPjU9MYLpCxhVomk','2024-01-16 19:38:15.649989','read write',1,30,'2024-01-16 09:38:15.651446','2024-01-16 09:38:15.651446',NULL,NULL),(201,'RDCALuOi2lvXPjFpDfJtaQqeC0W01a','2024-01-16 19:38:19.628540','read write',1,30,'2024-01-16 09:38:19.629542','2024-01-16 09:38:19.629542',NULL,NULL),(202,'aCSxIzuKzU6loaM1fKFW05uMf40dC9','2024-01-16 19:39:13.218759','read write',1,30,'2024-01-16 09:39:13.218759','2024-01-16 09:39:13.218759',NULL,NULL),(203,'hj9n8fXbfrzuKgyGh0lCnMrV0b3qwd','2024-01-16 19:41:05.604505','read write',1,30,'2024-01-16 09:41:05.605505','2024-01-16 09:41:05.605505',NULL,NULL),(204,'LD56WOgMXzU7nNALB5r1CwTPxRneZH','2024-01-16 19:43:50.969749','read write',1,30,'2024-01-16 09:43:50.970845','2024-01-16 09:43:50.970845',NULL,NULL),(205,'loWLOkUT76jxedpzI4JJ2dIWgTuQBR','2024-01-16 19:43:52.975001','read write',1,30,'2024-01-16 09:43:52.975998','2024-01-16 09:43:52.975998',NULL,NULL),(206,'2lwKlmHeQQomgC7QXLNup7xpvnxZMs','2024-01-16 19:50:38.292663','read write',1,30,'2024-01-16 09:50:38.293663','2024-01-16 09:50:38.293663',NULL,NULL),(207,'cMM8w2vRx0mEm3FxhJ94qu5uBJvUnh','2024-01-16 19:50:42.345424','read write',1,30,'2024-01-16 09:50:42.347416','2024-01-16 09:50:42.347416',NULL,NULL),(208,'YQDKUsNZY0oaRLtC0yqdCO80H4RNQN','2024-01-16 19:54:56.324985','read write',1,30,'2024-01-16 09:54:56.324985','2024-01-16 09:54:56.324985',NULL,NULL),(209,'UfcI9dtVwrnpEyJMTWUCHUQS20jbdU','2024-01-16 19:54:59.906076','read write',1,30,'2024-01-16 09:54:59.906076','2024-01-16 09:54:59.906076',NULL,NULL),(210,'vnpeqecDuxIzXY4upkbKA2PM0tm9PI','2024-01-16 20:01:36.909403','read write',1,30,'2024-01-16 10:01:36.910374','2024-01-16 10:01:36.910374',NULL,NULL),(211,'jGhnjaoH0VpqiYbaGQPwvB6eIFq3wk','2024-01-16 20:09:54.639405','read write',1,30,'2024-01-16 10:09:54.640372','2024-01-16 10:09:54.640372',NULL,NULL),(212,'8mrnTA2Ibb0vNSnTDKONDjXBidZNtM','2024-01-16 20:09:57.256386','read write',1,30,'2024-01-16 10:09:57.257856','2024-01-16 10:09:57.257856',NULL,NULL),(213,'nnTpzBKIIqnMFO8cwAb9YAtWLfRtm3','2024-01-16 20:14:11.092999','read write',1,30,'2024-01-16 10:14:11.094346','2024-01-16 10:14:11.094346',NULL,NULL),(214,'Rbo3XislY8YZxB2Nwvga2Dy5Zzy1zh','2024-01-16 20:19:53.075220','read write',1,30,'2024-01-16 10:19:53.075220','2024-01-16 10:19:53.075220',NULL,NULL),(215,'5aaVmdBL6j6U1gQPLuRkCAO0wYgL8G','2024-01-17 02:18:31.268986','read write',1,30,'2024-01-16 16:18:31.270468','2024-01-16 16:18:31.270468',NULL,NULL),(216,'EeiLRyEW7KarMP3f99ijiPrPnK1c16','2024-01-17 02:19:25.848262','read write',1,30,'2024-01-16 16:19:25.848262','2024-01-16 16:19:25.848262',NULL,NULL),(217,'6ud1gGDRc2nD3UicbqCNAU99JStM59','2024-01-17 02:22:42.501901','read write',1,30,'2024-01-16 16:22:42.501901','2024-01-16 16:22:42.501901',NULL,NULL),(218,'MLy5KTZcDGDlbJ31LrO3oznOvWOTRn','2024-01-17 02:22:44.803990','read write',1,30,'2024-01-16 16:22:44.804985','2024-01-16 16:22:44.804985',NULL,NULL),(219,'LcK98w43z6avx0azj09VYC1nsJ5rA0','2024-01-17 02:22:59.299201','read write',1,30,'2024-01-16 16:22:59.300199','2024-01-16 16:22:59.300199',NULL,NULL),(220,'VDYeSO5H1ixcMRmRK0GlsFThjEWvbG','2024-01-17 02:25:30.923962','read write',1,30,'2024-01-16 16:25:30.924958','2024-01-16 16:25:30.924958',NULL,NULL),(221,'hzQNreQ8UEOnQvDQgqPHD8whCR5GoY','2024-01-17 02:25:51.676925','read write',1,30,'2024-01-16 16:25:51.677904','2024-01-16 16:25:51.677904',NULL,NULL),(222,'Kr2CXcWIRM4gnvPVoRSgUCI22WCjIC','2024-01-17 02:27:06.975102','read write',1,30,'2024-01-16 16:27:06.975102','2024-01-16 16:27:06.975102',NULL,NULL),(223,'cVT9CLZu55AMHpOBDBQ650EI36vOVs','2024-01-17 02:30:02.806204','read write',1,30,'2024-01-16 16:30:02.807631','2024-01-16 16:30:02.807631',NULL,NULL),(224,'XaS0QixMaoH8GNH2CrSPYmPrvtWebq','2024-01-17 02:38:46.268975','read write',1,30,'2024-01-16 16:38:46.268975','2024-01-16 16:38:46.269974',NULL,NULL),(225,'BSUBYCVUtOfyC3yGNhwWpRVIcNGkUo','2024-01-17 02:40:35.172651','read write',1,30,'2024-01-16 16:40:35.173824','2024-01-16 16:40:35.173824',NULL,NULL),(226,'qZFwOYQ0nG2ddrktTc0K6Mfnk1kc20','2024-01-17 02:41:14.252988','read write',1,30,'2024-01-16 16:41:14.253985','2024-01-16 16:41:14.253985',NULL,NULL),(227,'AAQv7hh6LQZK4hipxbc1r6zAWjkOUv','2024-01-17 02:41:50.282575','read write',1,30,'2024-01-16 16:41:50.283571','2024-01-16 16:41:50.283571',NULL,NULL),(228,'vy7Z1rcZOwdYUkbsikafDuZ1pB8fA2','2024-01-17 02:42:06.986142','read write',1,30,'2024-01-16 16:42:06.986142','2024-01-16 16:42:06.986142',NULL,NULL),(229,'97c5FdiirU563vu3BsQFacacCyYJiX','2024-01-17 02:43:37.659802','read write',1,30,'2024-01-16 16:43:37.660729','2024-01-16 16:43:37.660729',NULL,NULL),(230,'ypCbTnXlsq6trB5NeBetB9lA1qjwhq','2024-01-17 02:44:37.048146','read write',1,30,'2024-01-16 16:44:37.048146','2024-01-16 16:44:37.048146',NULL,NULL),(231,'XHGniaxE5aNb1iV5mMoPeLSA1kmPtQ','2024-01-17 02:45:27.237496','read write',1,30,'2024-01-16 16:45:27.238546','2024-01-16 16:45:27.238546',NULL,NULL),(232,'KY8rMR3Xl9xGPzzi1BRyEGw2Pqvsvm','2024-01-17 02:46:35.584993','read write',1,30,'2024-01-16 16:46:35.584993','2024-01-16 16:46:35.584993',NULL,NULL),(233,'XpDtCFsMWjOGtfwCXdD2qc58dOVyjc','2024-01-17 02:47:44.970286','read write',1,30,'2024-01-16 16:47:44.971283','2024-01-16 16:47:44.971283',NULL,NULL),(234,'USIVO8q80JSSaFaAEIS5OdPCnnDN0J','2024-01-17 02:48:18.401691','read write',1,30,'2024-01-16 16:48:18.401691','2024-01-16 16:48:18.401691',NULL,NULL),(235,'ZpCBzQpq2YibXdYrrdKrFRb4cxIKBo','2024-01-17 02:48:50.719987','read write',1,30,'2024-01-16 16:48:50.719987','2024-01-16 16:48:50.719987',NULL,NULL),(236,'WCg8EzoxnocAkj43dwjYhzmLgQ4Sxq','2024-01-17 02:49:07.831429','read write',1,30,'2024-01-16 16:49:07.831429','2024-01-16 16:49:07.831429',NULL,NULL),(237,'7Hsoqo90Q8S1BaJqVbgZggOhVmStV5','2024-01-17 02:59:38.315832','read write',1,30,'2024-01-16 16:59:38.316831','2024-01-16 16:59:38.316831',NULL,NULL),(238,'dZE37P1pecrGYrrkQQ9qCG01gNEiHY','2024-01-17 03:13:44.588822','read write',1,30,'2024-01-16 17:13:44.590034','2024-01-16 17:13:44.590034',NULL,NULL),(239,'aEqBwibqHvpWEvYXSUOltPAX81OgVL','2024-01-17 03:16:35.926939','read write',1,30,'2024-01-16 17:16:35.927937','2024-01-16 17:16:35.927937',NULL,NULL),(240,'fL6rvBvc0nU1OLQxDzBgPeVbnAqfzR','2024-01-17 18:02:04.659219','read write',1,30,'2024-01-17 08:02:04.661214','2024-01-17 08:02:04.661214',NULL,NULL);
/*!40000 ALTER TABLE `oauth2_provider_accesstoken` ENABLE KEYS */;
UNLOCK TABLES;

--
-- Table structure for table `oauth2_provider_application`
--

DROP TABLE IF EXISTS `oauth2_provider_application`;
/*!40101 SET @saved_cs_client     = @@character_set_client */;
/*!50503 SET character_set_client = utf8mb4 */;
CREATE TABLE `oauth2_provider_application` (
  `id` bigint NOT NULL AUTO_INCREMENT,
  `client_id` varchar(100) COLLATE utf8mb4_unicode_ci NOT NULL,
  `redirect_uris` longtext COLLATE utf8mb4_unicode_ci NOT NULL,
  `client_type` varchar(32) COLLATE utf8mb4_unicode_ci NOT NULL,
  `authorization_grant_type` varchar(32) COLLATE utf8mb4_unicode_ci NOT NULL,
  `client_secret` varchar(255) COLLATE utf8mb4_unicode_ci NOT NULL,
  `name` varchar(255) COLLATE utf8mb4_unicode_ci NOT NULL,
  `user_id` bigint DEFAULT NULL,
  `skip_authorization` tinyint(1) NOT NULL,
  `created` datetime(6) NOT NULL,
  `updated` datetime(6) NOT NULL,
  `algorithm` varchar(5) COLLATE utf8mb4_unicode_ci NOT NULL,
  `post_logout_redirect_uris` longtext COLLATE utf8mb4_unicode_ci NOT NULL DEFAULT (_utf8mb3''),
  PRIMARY KEY (`id`),
  UNIQUE KEY `client_id` (`client_id`),
  KEY `oauth2_provider_application_user_id_79829054_fk_ASSSs_user_id` (`user_id`),
  KEY `oauth2_provider_application_client_secret_53133678` (`client_secret`),
  CONSTRAINT `oauth2_provider_application_user_id_79829054_fk_ASSSs_user_id` FOREIGN KEY (`user_id`) REFERENCES `assss_user` (`id`)
) ENGINE=InnoDB AUTO_INCREMENT=2 DEFAULT CHARSET=utf8mb4 COLLATE=utf8mb4_unicode_ci;
/*!40101 SET character_set_client = @saved_cs_client */;

--
-- Dumping data for table `oauth2_provider_application`
--

LOCK TABLES `oauth2_provider_application` WRITE;
/*!40000 ALTER TABLE `oauth2_provider_application` DISABLE KEYS */;
INSERT INTO `oauth2_provider_application` VALUES (1,'UXTi69lodcxqmENTZITNy3e0EHIJ64UzUqnb9Hu4','','confidential','password','pbkdf2_sha256$720000$5d4IEEcSQB4HNCSFLy3pq8$E6S/CKRouUaQ2kGzSZegTtEbkNOw1Qe+NiBBGd8Dy1o=','App',1,0,'2024-01-02 04:59:41.788041','2024-01-02 04:59:41.788041','','');
/*!40000 ALTER TABLE `oauth2_provider_application` ENABLE KEYS */;
UNLOCK TABLES;

--
-- Table structure for table `oauth2_provider_grant`
--

DROP TABLE IF EXISTS `oauth2_provider_grant`;
/*!40101 SET @saved_cs_client     = @@character_set_client */;
/*!50503 SET character_set_client = utf8mb4 */;
CREATE TABLE `oauth2_provider_grant` (
  `id` bigint NOT NULL AUTO_INCREMENT,
  `code` varchar(255) COLLATE utf8mb4_unicode_ci NOT NULL,
  `expires` datetime(6) NOT NULL,
  `redirect_uri` longtext COLLATE utf8mb4_unicode_ci NOT NULL,
  `scope` longtext COLLATE utf8mb4_unicode_ci NOT NULL,
  `application_id` bigint NOT NULL,
  `user_id` bigint NOT NULL,
  `created` datetime(6) NOT NULL,
  `updated` datetime(6) NOT NULL,
  `code_challenge` varchar(128) COLLATE utf8mb4_unicode_ci NOT NULL,
  `code_challenge_method` varchar(10) COLLATE utf8mb4_unicode_ci NOT NULL,
  `nonce` varchar(255) COLLATE utf8mb4_unicode_ci NOT NULL,
  `claims` longtext COLLATE utf8mb4_unicode_ci NOT NULL DEFAULT (_utf8mb3''),
  PRIMARY KEY (`id`),
  UNIQUE KEY `code` (`code`),
  KEY `oauth2_provider_gran_application_id_81923564_fk_oauth2_pr` (`application_id`),
  KEY `oauth2_provider_grant_user_id_e8f62af8_fk_ASSSs_user_id` (`user_id`),
  CONSTRAINT `oauth2_provider_gran_application_id_81923564_fk_oauth2_pr` FOREIGN KEY (`application_id`) REFERENCES `oauth2_provider_application` (`id`),
  CONSTRAINT `oauth2_provider_grant_user_id_e8f62af8_fk_ASSSs_user_id` FOREIGN KEY (`user_id`) REFERENCES `assss_user` (`id`)
) ENGINE=InnoDB DEFAULT CHARSET=utf8mb4 COLLATE=utf8mb4_unicode_ci;
/*!40101 SET character_set_client = @saved_cs_client */;

--
-- Dumping data for table `oauth2_provider_grant`
--

LOCK TABLES `oauth2_provider_grant` WRITE;
/*!40000 ALTER TABLE `oauth2_provider_grant` DISABLE KEYS */;
/*!40000 ALTER TABLE `oauth2_provider_grant` ENABLE KEYS */;
UNLOCK TABLES;

--
-- Table structure for table `oauth2_provider_idtoken`
--

DROP TABLE IF EXISTS `oauth2_provider_idtoken`;
/*!40101 SET @saved_cs_client     = @@character_set_client */;
/*!50503 SET character_set_client = utf8mb4 */;
CREATE TABLE `oauth2_provider_idtoken` (
  `id` bigint NOT NULL AUTO_INCREMENT,
  `jti` char(32) COLLATE utf8mb4_unicode_ci NOT NULL,
  `expires` datetime(6) NOT NULL,
  `scope` longtext COLLATE utf8mb4_unicode_ci NOT NULL,
  `created` datetime(6) NOT NULL,
  `updated` datetime(6) NOT NULL,
  `application_id` bigint DEFAULT NULL,
  `user_id` bigint DEFAULT NULL,
  PRIMARY KEY (`id`),
  UNIQUE KEY `jti` (`jti`),
  KEY `oauth2_provider_idto_application_id_08c5ff4f_fk_oauth2_pr` (`application_id`),
  KEY `oauth2_provider_idtoken_user_id_dd512b59_fk_ASSSs_user_id` (`user_id`),
  CONSTRAINT `oauth2_provider_idto_application_id_08c5ff4f_fk_oauth2_pr` FOREIGN KEY (`application_id`) REFERENCES `oauth2_provider_application` (`id`),
  CONSTRAINT `oauth2_provider_idtoken_user_id_dd512b59_fk_ASSSs_user_id` FOREIGN KEY (`user_id`) REFERENCES `assss_user` (`id`)
) ENGINE=InnoDB DEFAULT CHARSET=utf8mb4 COLLATE=utf8mb4_unicode_ci;
/*!40101 SET character_set_client = @saved_cs_client */;

--
-- Dumping data for table `oauth2_provider_idtoken`
--

LOCK TABLES `oauth2_provider_idtoken` WRITE;
/*!40000 ALTER TABLE `oauth2_provider_idtoken` DISABLE KEYS */;
/*!40000 ALTER TABLE `oauth2_provider_idtoken` ENABLE KEYS */;
UNLOCK TABLES;

--
-- Table structure for table `oauth2_provider_refreshtoken`
--

DROP TABLE IF EXISTS `oauth2_provider_refreshtoken`;
/*!40101 SET @saved_cs_client     = @@character_set_client */;
/*!50503 SET character_set_client = utf8mb4 */;
CREATE TABLE `oauth2_provider_refreshtoken` (
  `id` bigint NOT NULL AUTO_INCREMENT,
  `token` varchar(255) COLLATE utf8mb4_unicode_ci NOT NULL,
  `access_token_id` bigint DEFAULT NULL,
  `application_id` bigint NOT NULL,
  `user_id` bigint NOT NULL,
  `created` datetime(6) NOT NULL,
  `updated` datetime(6) NOT NULL,
  `revoked` datetime(6) DEFAULT NULL,
  PRIMARY KEY (`id`),
  UNIQUE KEY `access_token_id` (`access_token_id`),
  UNIQUE KEY `oauth2_provider_refreshtoken_token_revoked_af8a5134_uniq` (`token`,`revoked`),
  KEY `oauth2_provider_refr_application_id_2d1c311b_fk_oauth2_pr` (`application_id`),
  KEY `oauth2_provider_refreshtoken_user_id_da837fce_fk_ASSSs_user_id` (`user_id`),
  CONSTRAINT `oauth2_provider_refr_access_token_id_775e84e8_fk_oauth2_pr` FOREIGN KEY (`access_token_id`) REFERENCES `oauth2_provider_accesstoken` (`id`),
  CONSTRAINT `oauth2_provider_refr_application_id_2d1c311b_fk_oauth2_pr` FOREIGN KEY (`application_id`) REFERENCES `oauth2_provider_application` (`id`),
  CONSTRAINT `oauth2_provider_refreshtoken_user_id_da837fce_fk_ASSSs_user_id` FOREIGN KEY (`user_id`) REFERENCES `assss_user` (`id`)
) ENGINE=InnoDB AUTO_INCREMENT=241 DEFAULT CHARSET=utf8mb4 COLLATE=utf8mb4_unicode_ci;
/*!40101 SET character_set_client = @saved_cs_client */;

--
-- Dumping data for table `oauth2_provider_refreshtoken`
--

LOCK TABLES `oauth2_provider_refreshtoken` WRITE;
/*!40000 ALTER TABLE `oauth2_provider_refreshtoken` DISABLE KEYS */;
INSERT INTO `oauth2_provider_refreshtoken` VALUES (1,'SjiewMNl9jOeHSnR0Wg2l3fFJHmIUB',1,1,1,'2024-01-02 05:00:14.172646','2024-01-02 05:00:14.172646',NULL),(2,'mUzz5phnz2rncXjNaN2iCM889zVMiZ',2,1,1,'2024-01-02 05:02:36.657547','2024-01-02 05:02:36.657547',NULL),(3,'Y4F6rAMQ1HgyR4PCcMCYwtM6s3DXf9',3,1,6,'2024-01-02 10:41:31.438064','2024-01-02 10:41:31.438064',NULL),(4,'KeenlBTs8qEHuU0taRjHQv0zJWtj61',4,1,9,'2024-01-03 05:28:39.966613','2024-01-03 05:28:39.966613',NULL),(5,'ePiCVdU2nKOO9u2mSgJtXWz45v53JL',5,1,11,'2024-01-03 05:29:53.638171','2024-01-03 05:29:53.638171',NULL),(6,'q8lZCfL4aIEb4FSPIOM3nmtGw6eYti',6,1,13,'2024-01-03 05:30:30.180087','2024-01-03 05:30:30.180087',NULL),(7,'qkuHqiJajgxs5OTPnnRtDdTpcHriP5',7,1,17,'2024-01-03 05:32:27.412881','2024-01-03 05:32:27.412881',NULL),(8,'6K4Uakz8pKyVW0cRVnxVHA9B4mb9Ny',8,1,31,'2024-01-04 06:37:36.876408','2024-01-04 06:37:36.876408',NULL),(9,'5RX9wcBeXQnc5EJjT5QJJypbags4p9',9,1,31,'2024-01-04 06:40:36.672566','2024-01-04 06:40:36.672566',NULL),(10,'rB4s9UC2ZwdDXGVe8xnOCl9iL8M6Ra',10,1,42,'2024-01-04 06:43:54.949498','2024-01-04 06:43:54.949498',NULL),(11,'wjv3Zmiv82yD5AIMlP4XiRKtFqXDkA',11,1,42,'2024-01-04 08:32:21.798894','2024-01-04 08:32:21.798894',NULL),(12,'38dYfQ5apCX70QPMSQ4DeZHUvEkgoa',12,1,9,'2024-01-04 08:39:48.950665','2024-01-04 08:39:48.950665',NULL),(13,'MPkpOmx9hgU3hAD6sm4Y7pNRaRT42L',13,1,42,'2024-01-04 08:42:10.473499','2024-01-04 08:42:10.473499',NULL),(14,'4H3pfy2xRwNdBtzIKtxsBSOLfHpaza',14,1,42,'2024-01-04 15:00:17.263586','2024-01-04 15:00:17.263586',NULL),(15,'ke15leQSkGFdTGU2h6QYzcSKkxsera',15,1,1,'2024-01-04 17:13:10.340987','2024-01-04 17:13:10.341995',NULL),(16,'qZtvDkO20epvwHtePpiurNtfENdWIA',16,1,1,'2024-01-04 17:17:08.962169','2024-01-04 17:17:08.962169',NULL),(17,'9tcXlS4IqLsKORzLhBGvA63YyPmfOa',17,1,1,'2024-01-04 17:18:08.359514','2024-01-04 17:18:08.359514',NULL),(18,'V3uOxzYb8W7PFaSAQbbEudLZZQQ38e',18,1,1,'2024-01-04 17:20:25.648858','2024-01-04 17:20:25.648858',NULL),(19,'0EgAfSELQE9zu3dUVID1O4GyaOpzpX',19,1,1,'2024-01-04 17:23:35.239839','2024-01-04 17:23:35.239839',NULL),(20,'fqsfY1HJE30NdppsfGK3ls5GHyrTBh',20,1,1,'2024-01-04 17:41:03.772090','2024-01-04 17:41:03.772090',NULL),(21,'Ypo3tBZE6P3JBPcYjBGr6KbvnTZWOn',21,1,1,'2024-01-04 17:48:36.870866','2024-01-04 17:48:36.870866',NULL),(22,'eCJKkgRELGCq1dvSsxG0UtQHnhzhWv',22,1,1,'2024-01-04 17:52:40.114453','2024-01-04 17:52:40.114453',NULL),(23,'CqYyvu7w90gbprbSqgUTbuuShXCBO4',23,1,1,'2024-01-04 17:57:22.773809','2024-01-04 17:57:22.774815',NULL),(24,'gtjTj30wOWTsEt1SvC35Hr05CBfYKH',24,1,1,'2024-01-04 18:00:01.147626','2024-01-04 18:00:01.147626',NULL),(25,'Lc0KUqQLoZ8Swl3dK9a8Xy5dsXjZU3',25,1,1,'2024-01-04 18:04:41.662913','2024-01-04 18:04:41.662913',NULL),(26,'RN0QUPCxbbUfrkLtvH1r6CtDN8pX2k',26,1,1,'2024-01-04 18:11:01.735614','2024-01-04 18:11:01.735614',NULL),(27,'FxQFdKF75UA7B7I5vuNmNsWxWATtTM',27,1,1,'2024-01-04 18:20:29.250881','2024-01-04 18:20:29.250881',NULL),(28,'bgwQBfrJygZKMRz5dcw8SsRkoQ6qHb',28,1,1,'2024-01-04 18:24:32.563309','2024-01-04 18:24:32.563309',NULL),(29,'wq114keg8WHIYXbKc0sm2OiycS91J2',29,1,42,'2024-01-06 10:20:25.085910','2024-01-06 10:20:25.085910',NULL),(30,'AFyB7nx9U4eABP37WDK3Mtazg69S3t',30,1,42,'2024-01-06 10:51:01.946171','2024-01-06 10:51:01.946171',NULL),(31,'aMWNILH8ThlxGHVFJMcqVxA6AKaJRu',31,1,42,'2024-01-06 11:38:43.921896','2024-01-06 11:38:43.921896',NULL),(32,'AKMgb9TtljxIDj4r5lNpYIlafEuGvE',32,1,42,'2024-01-06 12:11:36.020877','2024-01-06 12:11:36.020877',NULL),(33,'tWpp19xIr5C1EKDzsr75XGqUZXVYqj',33,1,1,'2024-01-06 12:18:27.761574','2024-01-06 12:18:27.761574',NULL),(34,'YOkKNySZZXD49PdMUYzQwOW2lwMumD',34,1,1,'2024-01-07 06:11:58.288323','2024-01-07 06:11:58.288323',NULL),(35,'W453yKCKroL5zuLdk0p5DmAZyt8Bm3',35,1,1,'2024-01-07 06:40:35.365125','2024-01-07 06:40:35.365125',NULL),(36,'sB3wXjWlEU0SonYDiSlfN9AGpsS4ck',36,1,1,'2024-01-07 07:56:02.019421','2024-01-07 07:56:02.019421',NULL),(37,'kT7PO1w4dUFkOfVs4saNnjQbzt4xDz',37,1,1,'2024-01-07 08:42:43.606325','2024-01-07 08:42:43.606325',NULL),(38,'Ab6n5lOnSOfxI3nCxE8DJPx6BKH51e',38,1,1,'2024-01-08 08:28:53.036925','2024-01-08 08:28:53.036925',NULL),(39,'fFWeh50J50RRhvYhzc0Q5Lz6e8gYUw',39,1,39,'2024-01-08 09:03:43.887913','2024-01-08 09:03:43.887913',NULL),(40,'UUDuff0tuwTkIbMGjLY6KYO24SVW7F',40,1,39,'2024-01-08 11:32:33.659530','2024-01-08 11:32:33.659530',NULL),(41,'nbeQt0gSoWzs83K3FrN8crOUUJ3f4a',41,1,13,'2024-01-08 11:32:59.739417','2024-01-08 11:32:59.739417',NULL),(42,'7v1qs7Izv652pbqVN5yreW2kv6UXwz',42,1,1,'2024-01-08 11:33:22.691025','2024-01-08 11:33:22.691025',NULL),(43,'3P7uFCTlfsn7hS8xa8zLjQ2n0D3nIM',43,1,45,'2024-01-08 11:34:03.030329','2024-01-08 11:34:03.030329',NULL),(44,'vUsMPkjOuosaVPGvPAfYdvnkyJNoYP',44,1,7,'2024-01-08 11:34:53.850694','2024-01-08 11:34:53.850694',NULL),(45,'GQcWClATXWiAIusOkUh5glTgtcnM8i',45,1,7,'2024-01-09 10:53:34.992460','2024-01-09 10:53:34.992460',NULL),(46,'U3unnnzmGoBx07mrABpik0pzyxnLhh',46,1,1,'2024-01-10 08:15:45.969768','2024-01-10 08:15:45.969768',NULL),(47,'FNbq3ureDg8dorsXEbcTp2iEz9g6Fd',47,1,6,'2024-01-10 08:16:55.312360','2024-01-10 08:16:55.312360',NULL),(48,'nCfXBL1ESLkYXnEUQvJyJu3Q7TXicY',48,1,6,'2024-01-10 08:16:57.368654','2024-01-10 08:16:57.368654',NULL),(49,'Dssid0QxOxDcIMsVpNrKjsEhAxDcYM',49,1,6,'2024-01-10 08:16:58.241979','2024-01-10 08:16:58.241979',NULL),(50,'Azb6uaCHdo7bFc91PS4vPBihmQCxaE',50,1,6,'2024-01-10 08:16:58.244972','2024-01-10 08:16:58.244972',NULL),(51,'xVMZ1bcnQkH57PP1IuVgPYY0nTbXNt',51,1,51,'2024-01-10 08:26:27.054950','2024-01-10 08:26:27.054950',NULL),(52,'q0q679GwIgUNM48f5kQAI7QW2Exzu3',52,1,29,'2024-01-10 10:29:25.803192','2024-01-10 10:29:25.803192',NULL),(53,'y7vwCTUNRMoEjwQImfJsqYtu69tgmB',53,1,29,'2024-01-10 10:32:51.460611','2024-01-10 10:32:51.460611',NULL),(54,'1cMambP4Eub866nQtpdxlovL03HdE5',54,1,29,'2024-01-10 10:33:06.019210','2024-01-10 10:33:06.019210',NULL),(55,'e7yJzLUxRwQUC73eo1aQ0HTFwrkOzl',55,1,1,'2024-01-10 11:10:43.088381','2024-01-10 11:10:43.088381',NULL),(56,'DXHVj6GUhRFbrPnRSx7i9TI4OOGa85',56,1,29,'2024-01-10 11:10:58.270162','2024-01-10 11:10:58.270162',NULL),(57,'vPREBjxmD3rZL6cJdpmf3NfI10ZJM8',57,1,47,'2024-01-10 11:20:23.967897','2024-01-10 11:20:23.968905',NULL),(58,'FM2xHG8GSEFjI9zES5Kvd30tBl7DmP',58,1,29,'2024-01-11 05:23:06.212643','2024-01-11 05:23:06.212643',NULL),(59,'BvAV6hUA8FYHTtWVFm82kw6g2tVN8P',59,1,5,'2024-01-11 05:25:17.722817','2024-01-11 05:25:17.722817',NULL),(60,'D8zIb4uV708ZQqdTdzWbf8e7tdZFyO',60,1,1,'2024-01-11 05:27:38.056598','2024-01-11 05:27:38.056598',NULL),(61,'RG2sE0BMB3UYthBbl0ZvaDCpAOY4ZW',61,1,1,'2024-01-11 05:46:39.823445','2024-01-11 05:46:39.823445',NULL),(62,'6OlJy3BgXS0qFE5yFg4BSWLrcuBS7u',62,1,47,'2024-01-11 05:47:14.337258','2024-01-11 05:47:14.337258',NULL),(63,'CBzyjEKWc5C81qUXb4p3FJLjbRsTEo',63,1,47,'2024-01-12 10:58:17.509167','2024-01-12 10:58:17.509167',NULL),(64,'SkV23tJo4MGWNzdu3YzXkcY6mKZz6E',64,1,47,'2024-01-12 10:59:20.962596','2024-01-12 10:59:20.962596',NULL),(65,'jEfJ7JxCoVgMgnaNDIrsgIxGikllzI',65,1,47,'2024-01-12 10:59:21.475352','2024-01-12 10:59:21.475352',NULL),(66,'dpEfXZaAYyyh086hkGd4bZulT46SSS',66,1,1,'2024-01-12 11:00:20.446554','2024-01-12 11:00:20.446554',NULL),(67,'UvjiU8RgHYyQjci9kpJLrvl28WZNl5',67,1,1,'2024-01-12 11:06:34.756703','2024-01-12 11:06:34.756703',NULL),(68,'dHTcIO1RHgPTQBRRzRkeqfWhQqcWv5',68,1,1,'2024-01-12 11:13:40.029433','2024-01-12 11:13:40.029433',NULL),(69,'HtGCT0KFEZs1tUlwxvS6CcCHbDKL2k',69,1,7,'2024-01-13 02:12:44.732530','2024-01-13 02:12:44.732530',NULL),(70,'jbH6m46vedoEfscIOvogwbH2B3A7fh',70,1,7,'2024-01-14 05:42:34.244586','2024-01-14 05:42:34.244586',NULL),(71,'hrTRP5D3G6x6syM4mW2p5o4KKLF5PJ',71,1,1,'2024-01-14 06:30:44.899473','2024-01-14 06:30:44.899473',NULL),(72,'hZXjr8b7bOOUwqesmVNnrV7NRt39Ib',72,1,47,'2024-01-14 06:59:26.410675','2024-01-14 06:59:26.410675',NULL),(73,'3by6KXPE6IDngrPnrCezusWKmEQKTk',73,1,1,'2024-01-14 07:14:20.168734','2024-01-14 07:14:20.168734',NULL),(74,'iJyKRDEuFH51rwdXe4PMYfDVWJeVyU',74,1,1,'2024-01-14 08:40:42.936334','2024-01-14 08:40:42.936334',NULL),(75,'ddKuw87oPrgIrdBRfX94G0YJOqiA6N',75,1,1,'2024-01-14 08:41:10.351806','2024-01-14 08:41:10.351806',NULL),(76,'2emk29MbpW2ZElVtEyVdX75eCiYB4h',76,1,1,'2024-01-14 08:44:10.816465','2024-01-14 08:44:10.816465',NULL),(77,'B086gPX5S7bBNJdKRBHg1RAXcUexwR',77,1,1,'2024-01-14 08:48:07.796874','2024-01-14 08:48:07.796874',NULL),(78,'GTfz2dg9nYkBfgJzmjcUfRe2wVJfQp',78,1,1,'2024-01-14 08:57:42.002636','2024-01-14 08:57:42.002636',NULL),(79,'2a0j1M83ggaO8NH0TtFIfPDY27am3L',79,1,1,'2024-01-14 08:58:29.415493','2024-01-14 08:58:29.415493',NULL),(80,'I42eHuaMuWOSUdEhmtsLT7n67P8PnE',80,1,1,'2024-01-14 08:59:12.518281','2024-01-14 08:59:12.518281',NULL),(81,'FYSPD8BdNV66KwIE44XRbJeQIo19pw',81,1,1,'2024-01-14 09:00:50.685788','2024-01-14 09:00:50.685788',NULL),(82,'pVavSffyWTLAGeM3Ef5KfQtNXqxiji',82,1,1,'2024-01-14 09:01:23.869762','2024-01-14 09:01:23.869762',NULL),(83,'GAslswmqMl1t23UZMxsbzu1YtNNXQl',83,1,1,'2024-01-14 09:02:03.461512','2024-01-14 09:02:03.461512',NULL),(84,'vUr5rBm6H9LCZiZeqRk2QleKbRrdHn',84,1,1,'2024-01-14 09:02:56.323445','2024-01-14 09:02:56.323445',NULL),(85,'oYrnPOGX5wIamqK1SnYiS5yFC5Bfhz',85,1,1,'2024-01-14 09:04:22.976477','2024-01-14 09:04:22.976477',NULL),(86,'JHrD9Os8ScBvO8YuqiOAOHk4tUoBh0',86,1,1,'2024-01-14 09:07:29.368004','2024-01-14 09:07:29.368004',NULL),(87,'6CDjb5pseLVKDupvG6UeQy1tvsEDnH',87,1,1,'2024-01-14 09:11:06.378671','2024-01-14 09:11:06.378671',NULL),(88,'cVYMwO6J1L74Jkv7MLuXA7nl8it5CZ',88,1,1,'2024-01-14 09:11:09.887380','2024-01-14 09:11:09.887380',NULL),(89,'dm1bcHd5rWbgDVAp07XPrr2SibfOkc',89,1,1,'2024-01-14 09:12:36.714945','2024-01-14 09:12:36.715941',NULL),(90,'DKz7oa3GHfuo3yEftRu3En2r77AQTI',90,1,1,'2024-01-14 09:14:02.860511','2024-01-14 09:14:02.860511',NULL),(91,'F5svmVLWAWsFc26kPC37AwrOEoRvEK',91,1,1,'2024-01-14 09:22:56.043841','2024-01-14 09:22:56.043841',NULL),(92,'8wuirBagIGn77j3iAa2YGdNW48wkNr',92,1,1,'2024-01-14 09:23:55.119310','2024-01-14 09:23:55.119310',NULL),(93,'hEvprnwXTs39Biol3HI5We6f969W61',93,1,1,'2024-01-14 09:26:47.468616','2024-01-14 09:26:47.468616',NULL),(94,'YF7tR4ngrtLZgjKClSH2tvXtPYzzwk',94,1,7,'2024-01-14 09:32:41.139453','2024-01-14 09:32:41.139453',NULL),(95,'d40Hcg8EnXeaRhkvot3n0gnXAlecd6',95,1,7,'2024-01-14 09:44:22.008326','2024-01-14 09:44:22.009325',NULL),(96,'yJQFCwex9kMZEGtGksxJ9CIJXcQsvM',96,1,1,'2024-01-14 09:49:46.845878','2024-01-14 09:49:46.845878',NULL),(97,'h62ulaW5yu54HSZnA7xe59QQbSHSia',97,1,1,'2024-01-14 09:54:45.018352','2024-01-14 09:54:45.018352',NULL),(98,'NmyPxq1qhawPJoeoWzjJcTuglAfpfM',98,1,1,'2024-01-14 09:56:58.944079','2024-01-14 09:56:58.944079',NULL),(99,'uWJaaOAYTuAJPDU13eb8Eq2pChBtHD',99,1,1,'2024-01-14 13:25:05.766637','2024-01-14 13:25:05.766637',NULL),(100,'5QqIIbIeqmtV3dfG8LGKVx0wNSOiej',100,1,1,'2024-01-14 13:28:12.907088','2024-01-14 13:28:12.907088',NULL),(101,'VNNSYfGWXwg5i2zFPe1F1JQGlBwtpE',101,1,1,'2024-01-14 13:28:54.804869','2024-01-14 13:28:54.804869',NULL),(102,'916Gergn6rfBeTAfqkJ7kxiVZYtrme',102,1,1,'2024-01-14 13:35:12.458894','2024-01-14 13:35:12.458894',NULL),(103,'i3rOd3HqjChD5OhdZmRqIkcXmJmNQx',103,1,1,'2024-01-14 13:36:07.991762','2024-01-14 13:36:07.991762',NULL),(104,'D0sRBcbz8NeGns5QrtvyatGOOGbCPd',104,1,1,'2024-01-14 13:37:17.939026','2024-01-14 13:37:17.939026',NULL),(105,'2dOrtCBMrhRXfJ9JuIrseVOCqmw1FF',105,1,1,'2024-01-14 13:43:26.122253','2024-01-14 13:43:26.122253',NULL),(106,'QuXpqfX1Eq5EFVxLoHbXglUs8MSoxX',106,1,1,'2024-01-14 13:45:12.223092','2024-01-14 13:45:12.223092',NULL),(107,'QKXkr1BOO8wrdrUxAOLQW6jaGu9mOa',107,1,1,'2024-01-14 13:56:03.906096','2024-01-14 13:56:03.906096',NULL),(108,'hMevcVHsqb90gYZMM3xizvT86iFZZV',108,1,1,'2024-01-14 14:02:08.133168','2024-01-14 14:02:08.133168',NULL),(109,'xxMrs1ZaHdqIlwasxhVmpZ5GtYrqiI',109,1,1,'2024-01-14 14:40:13.869167','2024-01-14 14:40:13.869167',NULL),(110,'9k3JwrNSOdT2HMOpPkG7C3IX423m3O',110,1,5,'2024-01-14 14:40:54.825758','2024-01-14 14:40:54.826743',NULL),(111,'rZW3NTHwjRSnztK9zsawKve73ca9Ig',111,1,1,'2024-01-14 15:09:33.124440','2024-01-14 15:09:33.124440',NULL),(112,'D07KmZHnWJu2APKURHHwvfd0p004kS',112,1,1,'2024-01-14 15:10:19.096966','2024-01-14 15:10:19.096966',NULL),(113,'KgsarjKNOh8PCCImLbkx4ZmB9lQUo8',113,1,1,'2024-01-14 15:11:12.314796','2024-01-14 15:11:12.314796',NULL),(114,'lXOca3vYKEnzQZsc3eCBW1tC9lZbaj',114,1,1,'2024-01-14 15:11:37.542055','2024-01-14 15:11:37.543057',NULL),(115,'mcfimfmd7irtko8n6Lb8pak4DRPdUM',115,1,1,'2024-01-14 15:12:32.747132','2024-01-14 15:12:32.747132',NULL),(116,'yvXIS35hRiiDUDfn4ky8YJArZy9tcN',116,1,1,'2024-01-14 15:14:45.535618','2024-01-14 15:14:45.535618',NULL),(117,'8F1cERhJuxyjOMdBhbl0ZafqqOCSfE',117,1,1,'2024-01-14 15:15:37.838035','2024-01-14 15:15:37.838035',NULL),(118,'h7I5nYWay6LpHC8e2oxEBA1nD80qE0',118,1,1,'2024-01-14 15:17:06.354288','2024-01-14 15:17:06.354288',NULL),(119,'84ftY85UdsozJITBjNhpMDJ0MA2Iom',119,1,1,'2024-01-15 10:10:34.730692','2024-01-15 10:10:34.730692',NULL),(120,'Y3JJBg5kq7PSjJ9FrlnzGijg5U7Hh9',120,1,1,'2024-01-15 10:22:22.386125','2024-01-15 10:22:22.386125',NULL),(121,'BptGCgJhW2wl2r7RBzHkchBlDNnwi4',121,1,1,'2024-01-15 10:23:07.967533','2024-01-15 10:23:07.967533',NULL),(122,'7gfscoKwLKRo2djHMZ82dUUN3VaDDm',122,1,1,'2024-01-15 10:24:07.999401','2024-01-15 10:24:07.999401',NULL),(123,'qHitfgS2ULL8pKDOog5EzMNhMoJnZG',123,1,1,'2024-01-15 10:24:55.003109','2024-01-15 10:24:55.003109',NULL),(124,'ZUgG7e3lFnBM72yjSqcymUox78uLmh',124,1,1,'2024-01-15 10:32:46.427966','2024-01-15 10:32:46.427966',NULL),(125,'oYBCs7TSPwhJ4DiI9V4TPY3JjwbP5x',125,1,1,'2024-01-15 11:21:26.350603','2024-01-15 11:21:26.350603',NULL),(126,'sCFQwdEVouaCb87pFN6X1Qoj5AfL1M',126,1,1,'2024-01-15 11:34:30.774915','2024-01-15 11:34:30.774915',NULL),(127,'s7bsaB8FdduOKJ9VSWoFV1zNPzMMzW',127,1,1,'2024-01-15 11:35:38.528692','2024-01-15 11:35:38.528692',NULL),(128,'sRVfzqL1ezQTNW7gdHYOJbLb1y057O',128,1,1,'2024-01-15 11:37:04.805994','2024-01-15 11:37:04.805994',NULL),(129,'IEVQBBwgl2XI1aSbof6d0vfV3FDlPO',129,1,1,'2024-01-15 11:38:09.599244','2024-01-15 11:38:09.599244',NULL),(130,'E5oD83MyZBiSKsDhhpJPJBX0fh5CpV',130,1,25,'2024-01-15 16:08:10.662243','2024-01-15 16:08:10.662243',NULL),(131,'XkLgJcMARN7lMkFSVgwCUp8HKTHJ0P',131,1,1,'2024-01-15 16:12:48.802305','2024-01-15 16:12:48.802305',NULL),(132,'qJFJvsuS2J4mgbI8EjYoDfCHI9LEI7',132,1,1,'2024-01-15 16:35:47.969813','2024-01-15 16:35:47.969813',NULL),(133,'1Pbv9ZgEaiuZCn1lafVegGZ8VX7Ved',133,1,25,'2024-01-15 17:15:02.518520','2024-01-15 17:15:02.518520',NULL),(134,'jVaQBgTOT2qtoKifvokFoXLkZrz6I2',134,1,1,'2024-01-15 17:19:18.651461','2024-01-15 17:19:18.651461',NULL),(135,'jlFLQSgHAUTWuQbTEJ6jUcSGK9hde4',135,1,1,'2024-01-15 17:44:17.826507','2024-01-15 17:44:17.826507',NULL),(136,'y3g14PJycc3FXrPueRYvwK8VPB8BXF',136,1,1,'2024-01-15 17:54:31.605735','2024-01-15 17:54:31.605735',NULL),(137,'LcLlsg6hyGs182ikWzvVnwutOCnyk6',137,1,1,'2024-01-15 17:57:49.207722','2024-01-15 17:57:49.207722',NULL),(138,'8vtQUF08SQSuak3S1grVbUubC6Hk54',138,1,1,'2024-01-15 18:18:04.130305','2024-01-15 18:18:04.130305',NULL),(139,'DPymbdt8AbiIefsLY4Q6dkWcDcjNDs',139,1,45,'2024-01-15 18:21:38.660159','2024-01-15 18:21:38.660159',NULL),(140,'qhMQajUyDUyMFkbT4dJrvQZfW0bl6M',140,1,9,'2024-01-15 18:34:17.173702','2024-01-15 18:34:17.173702',NULL),(141,'WTP03j2bdvGVmAQgHTiogJB6EfWH7S',141,1,5,'2024-01-15 18:56:48.492039','2024-01-15 18:56:48.492039',NULL),(142,'kbcaWQwOYtSMRXSXZkUa8kiUf7huKX',142,1,24,'2024-01-15 19:26:34.544772','2024-01-15 19:26:34.544772',NULL),(143,'yZeXdvSSQN7hC762rSFm9MrvDGD5HH',143,1,1,'2024-01-15 19:31:15.891929','2024-01-15 19:31:15.891929',NULL),(144,'vLSEGHFVErN1mb2c8Gry1JKlV5Ljf7',144,1,45,'2024-01-15 19:50:02.977248','2024-01-15 19:50:02.978242',NULL),(145,'WgqO0jvZsfosI5DAfIO0kn3qVc7jt0',145,1,5,'2024-01-15 19:50:29.395289','2024-01-15 19:50:29.395289',NULL),(146,'HSvPuEx6dvw8rRdnxpjdOfTkfGD2mo',146,1,45,'2024-01-15 19:50:42.666837','2024-01-15 19:50:42.666837',NULL),(147,'2yyekQoIb64ZLfam8M3a0XAh5kkWOn',147,1,45,'2024-01-15 19:53:15.632625','2024-01-15 19:53:15.632625',NULL),(148,'wfjvmTT1QcAF7EiCwAQ6CaJtZ8Y5ca',148,1,45,'2024-01-15 20:06:09.869151','2024-01-15 20:06:09.869151',NULL),(149,'pYpSJWiioMXol7li2HCsmTRkEV7npE',149,1,45,'2024-01-15 20:08:14.855463','2024-01-15 20:08:14.855463',NULL),(150,'gaYxO51N3WxAMCn1a47P65jBTLiFkh',150,1,45,'2024-01-15 20:11:16.773186','2024-01-15 20:11:16.773186',NULL),(151,'AisA82fnLQkl3ccpHa06o0zwwmthGI',151,1,45,'2024-01-15 20:12:19.917685','2024-01-15 20:12:19.917685',NULL),(152,'WHRlqejlYPyj4Ych0WvtqTfXCOkZF5',152,1,45,'2024-01-15 20:14:27.876807','2024-01-15 20:14:27.877833',NULL),(153,'m2yrVDwb4vgPcrlIeAGa71xZt15YpH',153,1,45,'2024-01-15 20:19:18.594644','2024-01-15 20:19:18.594644',NULL),(154,'foH5w4pZOCVoIQcJsh6ixZTNmjkaHv',154,1,1,'2024-01-15 20:20:35.998770','2024-01-15 20:20:35.998770',NULL),(155,'Fkuz9XeUSzK4seFYj02ireXZCheceO',155,1,45,'2024-01-15 20:20:50.696800','2024-01-15 20:20:50.696800',NULL),(156,'ILbF5q2nfmIWRWkRlzzAdHTsS7OZzI',156,1,45,'2024-01-15 20:22:09.413211','2024-01-15 20:22:09.413211',NULL),(157,'A8gp71EDBIYfy6qS3sNIjkvpTOUOj3',157,1,45,'2024-01-15 20:27:11.759731','2024-01-15 20:27:11.759731',NULL),(158,'oDK1qYjQGhd8AI0bB7KB60paBk4e0g',158,1,1,'2024-01-16 06:58:25.424286','2024-01-16 06:58:25.424286',NULL),(159,'VJ1Pch5aAgkNQVkQSJWhqBweaxggN5',159,1,30,'2024-01-16 07:58:12.940844','2024-01-16 07:58:12.940844',NULL),(160,'Sx5yShr1rSt7GexYfZpkoFgpnQMBK3',160,1,30,'2024-01-16 07:59:47.623469','2024-01-16 07:59:47.623469',NULL),(161,'zeo5nYnFCldLme4h2iaCDnZ6frzxUX',161,1,30,'2024-01-16 08:06:45.001233','2024-01-16 08:06:45.001233',NULL),(162,'ZehcHT2fHonOOpZL5M94LUDdK4rBvm',162,1,1,'2024-01-16 08:07:13.197820','2024-01-16 08:07:13.197820',NULL),(163,'uYDfanDZrxpYozNZHQQrxzaglzP2jQ',163,1,30,'2024-01-16 08:08:12.992433','2024-01-16 08:08:12.992433',NULL),(164,'mgyP9QonGHRRCftLxtXbJ6Yjik6GiP',164,1,30,'2024-01-16 08:09:47.726026','2024-01-16 08:09:47.726026',NULL),(165,'bm0tnJZqW8Z0ezj1MGB7OVHhVhOzUE',165,1,30,'2024-01-16 08:10:08.118103','2024-01-16 08:10:08.118103',NULL),(166,'5jI5nEzQ0BupPMxkW4ukYVZrc0X2Q5',166,1,30,'2024-01-16 08:10:36.802574','2024-01-16 08:10:36.802574',NULL),(167,'LWQygqFyqzdyTWB408VFkyaCoSF4ww',167,1,30,'2024-01-16 08:11:09.270768','2024-01-16 08:11:09.270768',NULL),(168,'e5abbSmNDxc5pKcV0jQbg3mUaAfWUO',168,1,30,'2024-01-16 08:13:53.256024','2024-01-16 08:13:53.256024',NULL),(169,'qHGbD86Kt5x4qBra641D71mIcG9OSG',169,1,30,'2024-01-16 08:25:10.289143','2024-01-16 08:25:10.289143',NULL),(170,'OJmQGHALp3xm38NUq0GGlIydU5Ya1w',170,1,30,'2024-01-16 08:30:11.184505','2024-01-16 08:30:11.184505',NULL),(171,'c0Q8xWT7Bnib8y8cDY3gxMxEFZ50sl',171,1,30,'2024-01-16 08:31:16.768419','2024-01-16 08:31:16.768419',NULL),(172,'PC9pgCPKJYIy96KLtrwdJdPf4Y4ju7',172,1,30,'2024-01-16 08:31:58.849342','2024-01-16 08:31:58.849342',NULL),(173,'S7gtj5KJV3cFo3F0Ek3SiGs7ZuKzfK',173,1,30,'2024-01-16 08:32:35.676693','2024-01-16 08:32:35.676693',NULL),(174,'riWF4I0yIQeFrTDPAWQHIz0HJLHho7',174,1,30,'2024-01-16 08:36:13.580861','2024-01-16 08:36:13.580861',NULL),(175,'sMcghitdy50VATicoXJR4W1zJRUcVA',175,1,30,'2024-01-16 08:36:39.354165','2024-01-16 08:36:39.354165',NULL),(176,'Fhd9RecX25kPasZwbAL1NLVA127m0S',176,1,30,'2024-01-16 08:38:03.837854','2024-01-16 08:38:03.837854',NULL),(177,'aTtPsU9ZLcXPgRWuvZRxQa81y80e8W',177,1,30,'2024-01-16 08:42:25.316178','2024-01-16 08:42:25.316178',NULL),(178,'p87h8pqDpFgSE4MRVvpoV1E3Azbwa9',178,1,30,'2024-01-16 08:48:32.841444','2024-01-16 08:48:32.841444',NULL),(179,'z0WlMfynx94eDfmkS28AxQ9qFkqwJs',179,1,30,'2024-01-16 08:48:40.174904','2024-01-16 08:48:40.175416',NULL),(180,'IhJdmhYeZRNsCQllkOOC2tYwus2YSi',180,1,30,'2024-01-16 08:51:18.831844','2024-01-16 08:51:18.831844',NULL),(181,'v3A375YxNSIdUB1IDtGiVfowL7JE7P',181,1,30,'2024-01-16 08:56:21.935148','2024-01-16 08:56:21.935148',NULL),(182,'5MESpkkXMnjWLnj2FPwSJip7LOlJZh',182,1,30,'2024-01-16 08:57:00.019629','2024-01-16 08:57:00.019629',NULL),(183,'EFptBVKRASj1iNm7XjDciCxUsALION',183,1,30,'2024-01-16 08:58:29.301447','2024-01-16 08:58:29.301447',NULL),(184,'kn8rSJXbMLEe8JchdW7xreL99xA5Ar',184,1,30,'2024-01-16 09:03:40.075665','2024-01-16 09:03:40.075665',NULL),(185,'dT8qiCr8zAcJ3lPnMew9UZuHIKYqkJ',185,1,30,'2024-01-16 09:03:42.738933','2024-01-16 09:03:42.738933',NULL),(186,'r7PmZSdlvUXuvUQNqv7qGPkGvAroQm',186,1,30,'2024-01-16 09:22:30.472008','2024-01-16 09:22:30.472008',NULL),(187,'e1hgUC1nyIhl7ZUqwSh36JsRX2WPRD',187,1,30,'2024-01-16 09:23:02.119016','2024-01-16 09:23:02.119016',NULL),(188,'9KXIUDW1X3o0MBCuNLfSGsksNlke5v',188,1,30,'2024-01-16 09:23:46.988135','2024-01-16 09:23:46.988135',NULL),(189,'Q9vma2Yj6CRe0JW41AkQvzpdfn9rPP',189,1,30,'2024-01-16 09:25:18.108136','2024-01-16 09:25:18.108136',NULL),(190,'yfsXBKpg6iSn2Y0fHGH2i2Scr6dkJm',190,1,30,'2024-01-16 09:25:21.521226','2024-01-16 09:25:21.521226',NULL),(191,'elbXggdjJdb7lc4JUnO1gw8Zcrb3YU',191,1,30,'2024-01-16 09:25:23.671254','2024-01-16 09:25:23.671254',NULL),(192,'krBNL8dDoysoY6yLw4rJQ8HpP7JJHA',192,1,30,'2024-01-16 09:25:24.086180','2024-01-16 09:25:24.086180',NULL),(193,'QbiYF6wFWTVwmi1rhgjn4sESE5wZqn',193,1,30,'2024-01-16 09:25:24.376910','2024-01-16 09:25:24.376910',NULL),(194,'lEVM7PrltURTMppRcDSmGLbRz7leWN',194,1,30,'2024-01-16 09:26:59.419526','2024-01-16 09:26:59.419526',NULL),(195,'BDgGC1RwxOmWZ8mMHq9jsIMOoe8WTB',195,1,30,'2024-01-16 09:32:59.851270','2024-01-16 09:32:59.851270',NULL),(196,'mQGf9CLdH7EtYBafnr5J6vvp43tI9i',196,1,30,'2024-01-16 09:33:01.471196','2024-01-16 09:33:01.471196',NULL),(197,'bW2oDEoAX5lLcuG275AK5s5cbydV8Y',197,1,30,'2024-01-16 09:33:30.904143','2024-01-16 09:33:30.904143',NULL),(198,'7fAFr3iBvn6tPD2gjeq1vu00QzJ3U1',198,1,30,'2024-01-16 09:34:22.346346','2024-01-16 09:34:22.346346',NULL),(199,'WIKXhg0n3u6sp51UGOTk5lNjtla8kg',199,1,30,'2024-01-16 09:34:26.267203','2024-01-16 09:34:26.267203',NULL),(200,'OqIqSJlr6qzEinoCQmE9tj6wH545om',200,1,30,'2024-01-16 09:38:15.656745','2024-01-16 09:38:15.656745',NULL),(201,'W2h5VbvUjkxHg2RogJzcND3xvLXVZ0',201,1,30,'2024-01-16 09:38:19.631611','2024-01-16 09:38:19.631611',NULL),(202,'XHzJ5lFQpYC99HSBxaqEUEEyEaKcIS',202,1,30,'2024-01-16 09:39:13.223116','2024-01-16 09:39:13.223116',NULL),(203,'0JT4gSYHo86dTqjkhSkOcICD3dQMmw',203,1,30,'2024-01-16 09:41:05.608495','2024-01-16 09:41:05.608495',NULL),(204,'CmVIm0MAfGf7fMmAqc8NCg07GFN4Vz',204,1,30,'2024-01-16 09:43:50.974838','2024-01-16 09:43:50.974838',NULL),(205,'gNM7ZgKytQTQtA3AIIwgJ0RgI1gUxo',205,1,30,'2024-01-16 09:43:52.979985','2024-01-16 09:43:52.979985',NULL),(206,'xUBFIoV7D6efp9a4MctQhDcQbbQpE5',206,1,30,'2024-01-16 09:50:38.299074','2024-01-16 09:50:38.299074',NULL),(207,'Y0dATaaJ2owUVDhn0axK6IH78g7DvY',207,1,30,'2024-01-16 09:50:42.361071','2024-01-16 09:50:42.361071',NULL),(208,'zL0UEycpv5YK6w6PjAeaTR6kKv1ylI',208,1,30,'2024-01-16 09:54:56.329440','2024-01-16 09:54:56.329440',NULL),(209,'iI86LMDU90TFxnY5fWjMYSq5CNx9U3',209,1,30,'2024-01-16 09:54:59.917600','2024-01-16 09:54:59.917600',NULL),(210,'ak5JVu8bOoy2q2UD8fm5RdJFraNZWB',210,1,30,'2024-01-16 10:01:36.914361','2024-01-16 10:01:36.914361',NULL),(211,'nsSUJtdFbHufJDb6LfAHc8ZGRWgWdf',211,1,30,'2024-01-16 10:09:54.644359','2024-01-16 10:09:54.644359',NULL),(212,'ktGdUA5ucCTVD8V5PJFw1kFuVKKdZl',212,1,30,'2024-01-16 10:09:57.262484','2024-01-16 10:09:57.262484',NULL),(213,'uHmMWUpyLKU6XFwZ9Ohnm4prCoUVio',213,1,30,'2024-01-16 10:14:11.098037','2024-01-16 10:14:11.098037',NULL),(214,'XoV129h49WF8USBT0h7Wq0lXoDqpf7',214,1,30,'2024-01-16 10:19:53.080641','2024-01-16 10:19:53.080641',NULL),(215,'CpzTmi3wfWL4UNBEUhvJf2qOWgyvji',215,1,30,'2024-01-16 16:18:31.310097','2024-01-16 16:18:31.310097',NULL),(216,'VsLXxFdKAsal1rlf6mYdWiX51avMsQ',216,1,30,'2024-01-16 16:19:25.853582','2024-01-16 16:19:25.853582',NULL),(217,'6PmJEIfgsSUWuaue7ZYFeevlS9ljdM',217,1,30,'2024-01-16 16:22:42.506446','2024-01-16 16:22:42.506446',NULL),(218,'0MRLsndADnH0zFJyoS2DFDW12tXr0P',218,1,30,'2024-01-16 16:22:44.808428','2024-01-16 16:22:44.808428',NULL),(219,'Xb8sjGDkgHW0Vr3WsZzioSHQYCR55k',219,1,30,'2024-01-16 16:22:59.304696','2024-01-16 16:22:59.304696',NULL),(220,'ijkYSNdfVABT6HOkJCRXhTlqYAvsaj',220,1,30,'2024-01-16 16:25:30.928692','2024-01-16 16:25:30.928692',NULL),(221,'dQlXl1cdKjGWPE59rsCXcU2Ow2iwPF',221,1,30,'2024-01-16 16:25:51.681885','2024-01-16 16:25:51.681885',NULL),(222,'FAAWz5JJQpgLKC9aDRIaeTe5QY5stG',222,1,30,'2024-01-16 16:27:06.978754','2024-01-16 16:27:06.978754',NULL),(223,'zOxSo4d2VNPqDJ8PrZEa1m4Q7pw3yV',223,1,30,'2024-01-16 16:30:02.810134','2024-01-16 16:30:02.810134',NULL),(224,'YCVLi94TeyJaF8bCcXdzzw7x9QoYzD',224,1,30,'2024-01-16 16:38:46.273059','2024-01-16 16:38:46.273059',NULL),(225,'uI9AKko64ZvXkC0GLZmWDk5cNEBoiq',225,1,30,'2024-01-16 16:40:35.177130','2024-01-16 16:40:35.177130',NULL),(226,'LAtXOjEj0JlUPF6xDk9hZdxpwNySzz',226,1,30,'2024-01-16 16:41:14.256992','2024-01-16 16:41:14.256992',NULL),(227,'VreRjCGHwZZEg82sFh4loHB8wMRv9Z',227,1,30,'2024-01-16 16:41:50.285963','2024-01-16 16:41:50.285963',NULL),(228,'xfhwljU6ZOapWpl7YOXW7Tn3XZu9fw',228,1,30,'2024-01-16 16:42:06.990119','2024-01-16 16:42:06.990119',NULL),(229,'qyTjH1Y7nAQ3BsWHFRobHOR4ISWMCG',229,1,30,'2024-01-16 16:43:37.664790','2024-01-16 16:43:37.664790',NULL),(230,'v2FetNqRDfax2rm3ZGg690UacFxZch',230,1,30,'2024-01-16 16:44:37.052221','2024-01-16 16:44:37.052221',NULL),(231,'pEOdIpyktrRgOPWeTFjz1swU6W9w5L',231,1,30,'2024-01-16 16:45:27.239977','2024-01-16 16:45:27.239977',NULL),(232,'CSXrWqNAdX2ksMpoc5GFnva7mNDDbJ',232,1,30,'2024-01-16 16:46:35.588996','2024-01-16 16:46:35.588996',NULL),(233,'4PGZA4mV1vaO8wF7xKKosGy2zNpWcb',233,1,30,'2024-01-16 16:47:44.973277','2024-01-16 16:47:44.973277',NULL),(234,'x4X3S3r3HSGAbY7ZBm75MeQ4ll7jIZ',234,1,30,'2024-01-16 16:48:18.404682','2024-01-16 16:48:18.404682',NULL),(235,'vqFWqKQkrk1cCu0zBaYVECAoxnWvyk',235,1,30,'2024-01-16 16:48:50.723505','2024-01-16 16:48:50.723505',NULL),(236,'T7RW60qZwKM8bpuIN2vYDlItL2weS8',236,1,30,'2024-01-16 16:49:07.834418','2024-01-16 16:49:07.834418',NULL),(237,'PEgfDbsZDQ5LDT7YY3tCsJnvFVnciG',237,1,30,'2024-01-16 16:59:38.318308','2024-01-16 16:59:38.318308',NULL),(238,'U74jBhrFDiq9MY1zybUpjXdPt4FcNr',238,1,30,'2024-01-16 17:13:44.592344','2024-01-16 17:13:44.592344',NULL),(239,'wBp1SYrMR6qaVLl0KpGgkhDWrEKsHg',239,1,30,'2024-01-16 17:16:35.930619','2024-01-16 17:16:35.930619',NULL),(240,'IOU6rqOghYnpQvq4unGESBBMWFBVrv',240,1,30,'2024-01-17 08:02:04.725044','2024-01-17 08:02:04.725044',NULL);
/*!40000 ALTER TABLE `oauth2_provider_refreshtoken` ENABLE KEYS */;
UNLOCK TABLES;
/*!40103 SET TIME_ZONE=@OLD_TIME_ZONE */;

/*!40101 SET SQL_MODE=@OLD_SQL_MODE */;
/*!40014 SET FOREIGN_KEY_CHECKS=@OLD_FOREIGN_KEY_CHECKS */;
/*!40014 SET UNIQUE_CHECKS=@OLD_UNIQUE_CHECKS */;
/*!40101 SET CHARACTER_SET_CLIENT=@OLD_CHARACTER_SET_CLIENT */;
/*!40101 SET CHARACTER_SET_RESULTS=@OLD_CHARACTER_SET_RESULTS */;
/*!40101 SET COLLATION_CONNECTION=@OLD_COLLATION_CONNECTION */;
/*!40111 SET SQL_NOTES=@OLD_SQL_NOTES */;

-- Dump completed on 2024-01-18  0:36:41
